provider,prevWageIndex
01B029,00.6880
010001,00.7848
010005,00.7845
010006,00.7197
010007,00.6704
010008,00.6823
010011,00.8036
010012,00.7150
010016,00.8036
010018,00.8036
010019,00.6704
010021,00.6704
010022,00.9208
010023,00.7459
010024,00.7845
010025,00.7435
010029,00.7775
010033,00.8036
010034,00.7459
010035,00.7845
010036,00.6704
010038,00.7542
010039,00.8056
010040,00.7845
010044,00.7845
010045,00.7845
010046,00.6778
010047,00.6880
010049,00.6704
010051,00.6704
010052,00.7009
010055,00.7684
010056,00.8036
010058,00.8036
010059,00.6846
010061,00.8331
010062,00.6849
010065,00.7845
010069,00.6704
010073,00.6704
010078,00.7845
010079,00.8056
010083,00.8030
010085,00.7902
010086,00.7845
010087,00.7494
010089,00.8036
010090,00.7494
010091,00.6869
010092,00.7845
010095,00.8285
010097,00.7459
010099,00.6704
010100,00.7287
010101,00.7845
010102,00.6704
010103,00.8036
010104,00.8036
010108,00.7459
010109,00.8285
010110,00.6704
010112,00.6704
010113,00.7494
010114,00.8036
010118,00.7845
010120,00.6704
010125,00.7845
010126,00.6786
010128,00.6869
010129,00.7287
010130,00.8036
010131,00.8056
010138,00.6841
010139,00.8036
010144,00.7494
010146,00.7542
010148,00.8030
010149,00.7459
010150,00.7459
010157,00.6846
010158,00.7197
010164,00.7025
010168,00.7932
010169,00.6704
010172,00.8056
010173,00.8036
020001,01.2130
020006,01.2130
020008,01.2130
020012,01.2130
020017,01.2130
020018,01.9343
020024,01.2130
020026,01.9343
030001,01.0528
030002,01.0528
030006,01.0528
030007,01.0528
030010,01.0528
030011,01.0528
030012,01.0528
030013,01.0528
030014,01.0528
030016,01.0528
030022,01.0528
030023,01.1117
030024,01.0528
030030,01.0528
030036,01.0528
030037,01.0528
030038,01.0528
030043,01.0528
030055,01.0528
030061,01.0528
030062,01.0528
030064,01.0528
030065,01.0528
030068,01.0528
030069,01.1765
030071,01.4448
030073,01.4448
030074,01.4448
030077,01.4448
030078,01.4448
030083,01.0528
030084,01.4448
030085,01.0528
030087,01.0528
030088,01.0528
030089,01.0528
030092,01.0528
030093,01.0528
030094,01.0528
030101,01.0528
030103,01.0528
030105,01.0528
030107,01.0528
030108,01.0528
030110,01.0528
030111,01.0528
030112,01.0528
030113,01.4448
030114,01.0528
030115,01.0528
030117,01.0528
030118,01.0528
030119,01.0528
030120,01.0528
030121,01.0528
030122,01.0528
030123,01.0528
030130,01.0528
030131,01.0528
030132,01.0528
030134,01.0528
030135,01.0528
030136,01.0528
030137,01.0528
040001,00.8108
040002,00.7098
040004,00.8108
040007,00.8114
040010,00.8108
040011,00.7098
040014,00.8114
040015,00.7098
040016,00.8114
040017,00.8000
040018,00.7648
040019,00.7098
040020,00.8421
040022,00.8108
040026,00.8908
040027,00.7943
040029,00.8114
040036,00.8114
040039,00.7209
040041,00.8114
040047,00.7579
040050,00.7098
040051,00.7098
040055,00.7648
040062,00.8000
040067,00.7446
040069,00.7579
040071,00.8114
040072,00.7098
040074,00.8114
040076,00.8716
040078,00.8908
040080,00.7098
040084,00.8114
040085,00.8421
040088,00.7842
040114,00.8114
040118,00.7797
040119,00.7579
040132,00.8908
040134,00.8114
040137,00.8114
040147,00.8114
040152,00.8108
040153,00.7098
040154,00.8114
040155,00.7797
05B121,01.2500
050002,01.6923
050006,01.3647
050007,01.7301
050008,01.7282
050009,01.7282
050013,01.5649
050014,01.5862
050017,01.5862
050018,01.2827
050022,01.2500
050024,01.2500
050025,01.2500
050026,01.2500
050028,01.2500
050030,01.2500
050036,01.2500
050038,01.7827
050039,01.2500
050040,01.2827
050042,01.3647
050043,01.6923
050045,01.2500
050047,01.7282
050054,01.2500
050055,01.7282
050056,01.2827
050057,01.2500
050058,01.4349
050060,01.2500
050063,01.2827
050067,01.2891
050069,01.2603
050070,01.7301
050071,01.7827
050072,01.6900
050073,01.7030
050075,01.6923
050076,01.7282
050077,01.2500
050078,01.2827
050082,01.4349
050084,01.6738
050089,01.2603
050090,01.6738
050091,01.2827
050093,01.2500
050096,01.2827
050099,01.2603
050100,01.2500
050101,01.7030
050102,01.2500
050103,01.2827
050104,01.2827
050107,01.3666
050108,01.5862
050110,01.3666
050111,01.2827
050112,01.4349
050113,01.7301
050115,01.2500
050116,01.4349
050118,01.4493
050121,01.2500
050122,01.4493
050124,01.2827
050125,01.7827
050126,01.2827
050127,01.5862
050128,01.2500
050129,01.2603
050131,01.7538
050132,01.2827
050133,01.2500
050135,01.2827
050136,01.6738
050137,01.4349
050138,01.2827
050139,01.2827
050140,01.2603
050145,01.7986
050149,01.4349
050150,01.5862
050152,01.7282
050153,01.7827
050158,01.2827
050159,01.4349
050167,01.4493
050168,01.2603
050169,01.2827
050174,01.7282
050179,01.2891
050180,01.6900
050189,01.7986
050191,01.2827
050192,01.2500
050194,01.9025
050195,01.9025
050196,01.2500
050197,01.7827
050204,01.2827
050205,01.2827
050211,01.6923
050222,01.2500
050224,01.2603
050225,01.2500
050226,01.2603
050228,01.7282
050230,01.2603
050231,01.2827
050232,01.2805
050234,01.2500
050235,01.4349
050236,01.4349
050238,01.2827
050239,01.2827
050242,01.9025
050243,01.2500
050245,01.2603
050248,01.7986
050254,01.5862
050257,01.2500
050261,01.2500
050262,01.4349
050272,01.2603
050276,01.6900
050278,01.4349
050279,01.2603
050280,01.3950
050281,01.2827
050283,01.6923
050289,01.7301
050290,01.4349
050291,01.6738
050292,01.2500
050295,01.2500
050296,01.7827
050298,01.2603
050300,01.2603
050301,01.2500
050305,01.6923
050308,01.9025
050309,01.5862
050313,01.4493
050315,01.2500
050320,01.6923
050324,01.2500
050327,01.2603
050329,01.2500
050334,01.9025
050335,01.2500
050336,01.4493
050342,01.2500
050348,01.2603
050350,01.2827
050351,01.2827
050352,01.5862
050353,01.2827
050357,01.3666
050359,01.2500
050360,01.7538
050367,01.7030
050373,01.2827
050376,01.2827
050378,01.2827
050380,01.7827
050382,01.2827
050390,01.2500
050393,01.2827
050394,01.4349
050396,01.3666
050397,01.2500
050407,01.7282
050411,01.2827
050414,01.5862
050417,01.2500
050423,01.2500
050424,01.2500
050425,01.5862
050426,01.2603
050434,01.2500
050435,01.2500
050438,01.4349
050441,01.7827
050444,01.3285
050454,01.7282
050455,01.2500
050457,01.7282
050464,01.2891
050468,01.2827
050471,01.2827
050481,01.4349
050485,01.2827
050488,01.6923
050492,01.2500
050496,01.6900
050498,01.5862
050502,01.2827
050503,01.2500
050506,01.3555
050510,01.7538
050512,01.6923
050515,01.2500
050516,01.5862
050517,01.2603
050523,01.6900
050526,01.2603
050528,01.2500
050534,01.2500
050537,01.5862
050541,01.7301
050543,01.2603
050546,01.2500
050547,01.6738
050548,01.2603
050549,01.4349
050551,01.2603
050552,01.2827
050557,01.2891
050561,01.2827
050567,01.2603
050568,01.2500
050570,01.2603
050573,01.2500
050575,01.2827
050580,01.2603
050581,01.2827
050586,01.2603
050588,01.2827
050589,01.2603
050590,01.5862
050597,01.2827
050599,01.5862
050603,01.2603
050604,01.7827
050608,01.2500
050609,01.2603
050616,01.4349
050624,01.2827
050625,01.4349
050630,01.2500
050633,01.2805
050636,01.2500
050641,01.2827
050663,01.2827
050668,01.7282
050674,01.5862
050677,01.4349
050678,01.2603
050684,01.2500
050686,01.2500
050688,01.7827
050689,01.6900
050690,01.6738
050696,01.4349
050697,01.3950
050701,01.2500
050704,01.2827
050708,01.2500
050709,01.2603
050710,01.2500
050714,01.9025
050717,01.2827
050723,01.2827
050724,01.2500
050726,01.2891
050727,01.2827
050732,01.2500
050735,01.2827
050736,01.2827
050737,01.2827
050738,01.2827
050739,01.2827
050740,01.2827
050742,01.2827
050744,01.2603
050745,01.2603
050746,01.2603
050747,01.2603
050748,01.4493
050751,01.2827
050754,01.7301
050755,01.2827
050757,01.2500
050758,01.2603
050760,01.6900
050761,01.2827
050763,01.2827
050764,01.3950
050765,01.2500
050766,01.2500
050767,01.7030
050769,01.2603
050770,01.2500
050771,01.2827
050772,01.5862
050773,01.6923
050775,01.2500
050776,01.2827
050777,01.6923
050778,01.2603
050779,01.2827
050780,01.2603
050781,01.6280
050782,01.2827
050783,01.2500
060001,01.0050
060003,01.0206
060004,01.0050
060006,00.9937
060008,00.9937
060009,01.0050
060010,00.9937
060011,01.0050
060012,00.9937
060013,00.9937
060014,01.0050
060015,01.0050
060020,00.9937
060022,00.9937
060023,00.9937
060024,01.0050
060027,01.0206
060028,01.0050
060030,00.9937
060031,01.0050
060032,01.0050
060034,01.0050
060044,00.9937
060049,00.9937
060054,00.9937
060064,01.0050
060065,01.0050
060071,00.9937
060075,00.9937
060076,00.9937
060096,01.0050
060100,01.0050
060103,01.0050
060104,01.0050
060107,01.0050
060112,01.0050
060113,01.0050
060114,01.0050
060116,01.0206
060117,00.9937
060118,01.0050
060119,00.9937
060124,01.0050
060125,01.0050
060126,00.9937
060127,01.0050
060128,01.0174
060129,01.0050
060130,00.9937
07B022,01.2599
07B033,01.2660
070002,01.2575
070003,01.2575
070004,01.2592
070005,01.3348
070006,01.2684
070007,01.3348
070008,01.2575
070010,01.2684
070011,01.2592
070012,01.2575
070015,01.2660
070016,01.3348
070017,01.3348
070018,01.2684
070019,01.3348
070020,01.2575
070021,01.2575
070022,01.3348
070024,01.3348
070025,01.2575
070027,01.2575
070028,01.2684
070029,01.2575
070031,01.3348
070033,01.2684
070034,01.2684
070035,01.2575
070036,01.2575
070038,01.3348
070039,01.3348
070040,01.2575
080001,01.1303
080003,01.1303
080004,01.1111
080006,00.9911
080007,01.0590
080009,00.9911
090001,00.9998
090003,00.9998
090004,00.9998
090005,00.9998
090006,00.9998
090008,00.9998
090011,00.9998
10B029,00.9565
10B167,00.9198
100001,00.9044
100002,00.9431
100006,00.8942
100007,00.8942
100008,00.9198
100009,00.9198
100012,00.9341
100014,00.8734
100017,00.8734
100018,00.9064
100019,00.9151
100022,00.9431
100023,00.8469
100025,00.8169
100026,00.8128
100028,00.9151
100029,00.9198
100030,00.8942
100032,00.8896
100034,00.9198
100035,00.9550
100038,00.9565
100039,00.9565
100040,00.9044
100043,00.8896
100044,00.8968
100045,00.8734
100046,00.8896
100047,00.8968
100048,00.8128
100049,00.8128
100050,00.9198
100051,00.8942
100052,00.8787
100053,00.9198
100054,00.8539
100055,00.8896
100057,00.8942
100062,00.8943
100063,00.8896
100067,00.8896
100068,00.8734
100069,00.8896
100070,00.9550
100071,00.8896
100072,00.8734
100073,00.9565
100075,00.8896
100076,00.9198
100077,00.8968
100080,00.9431
100081,00.8539
100084,00.8942
100086,00.9565
100087,00.9550
100088,00.9044
100090,00.8128
100092,00.9151
100093,00.8169
100099,00.8233
100102,00.8371
100105,00.8968
100106,00.8128
100107,00.9341
100109,00.8128
100110,00.8942
100113,00.9180
100117,00.9044
100118,00.8128
100121,00.8233
100122,00.8539
100124,00.8169
100125,00.9198
100126,00.8896
100127,00.8896
100128,00.8896
100130,00.9431
100131,00.9198
100132,00.8896
100134,00.8128
100135,00.8437
100137,00.8787
100140,00.9044
100142,00.8128
100150,00.9198
100151,00.9044
100154,00.9198
100156,00.8371
100157,00.8968
100161,00.8942
100166,00.9550
100167,00.9565
100168,00.9431
100173,00.8896
100175,00.8128
100176,00.9431
100177,00.9151
100179,00.9044
100180,00.8896
100181,00.9198
100183,00.9198
100187,00.9198
100189,00.9565
100191,00.8896
100200,00.9565
100204,00.9180
100206,00.8896
100209,00.9198
100211,00.8896
100212,00.8943
100213,00.9550
100217,00.8968
100220,00.9341
100223,00.8539
100224,00.9565
100226,00.9044
100228,00.9565
100230,00.9565
100231,00.8169
100232,00.8943
100234,00.9431
100236,00.8968
100238,00.8896
100239,00.8896
100240,00.9198
100242,00.8128
100243,00.8896
100244,00.9341
100246,00.8968
100248,00.8896
100249,00.8787
100252,00.8968
100253,00.9431
100254,00.8437
100255,00.8896
100256,00.8896
100258,00.9431
100259,00.8896
100260,00.8968
100264,00.8896
100265,00.8896
100266,00.8169
100267,00.9550
100268,00.9431
100269,00.9431
100275,00.9431
100276,00.9565
100277,00.9198
100281,00.9565
100284,00.9198
100285,00.9565
100286,00.9064
100287,00.9431
100288,00.9431
100289,00.9565
100290,00.8734
100291,00.9151
100292,00.8539
100296,00.9198
100299,00.9550
100302,00.8942
100307,00.9044
100313,00.8128
100314,00.9198
100315,00.9151
100316,00.9151
100319,00.8896
100320,00.8942
100321,00.9044
100322,00.8943
100324,00.9341
100325,00.8128
100326,00.9198
100327,00.8446
100329,00.8942
110001,00.9208
110002,00.9208
110003,00.7994
110004,00.8519
110005,00.9350
110006,00.9208
110007,00.8521
110008,00.9350
110010,00.9350
110011,00.9350
110015,00.9350
110016,00.9208
110018,00.9350
110023,00.9208
110024,00.7920
110025,00.8311
110026,00.7313
110027,00.7490
110028,00.8690
110029,00.8744
110030,00.9350
110031,00.9350
110032,00.7313
110034,00.8690
110035,00.9350
110036,00.7920
110038,00.7764
110039,00.8690
110040,00.9208
110041,00.7648
110042,00.9350
110043,00.7920
110044,00.7525
110045,00.9350
110046,00.9350
110050,00.8262
110051,00.7313
110054,00.9208
110064,00.7932
110069,00.8612
110071,00.7313
110073,00.7313
110074,00.9208
110075,00.7920
110076,00.9350
110078,00.9350
110079,00.9350
110082,00.9350
110083,00.9350
110086,00.7313
110087,00.9350
110089,00.7313
110091,00.9350
110092,00.7313
110095,00.8362
110100,00.7892
110101,00.7313
110104,00.7313
110105,00.7764
110107,00.8929
110109,00.7313
110111,00.8690
110113,00.8690
110115,00.9350
110121,00.8362
110122,00.7764
110124,00.7313
110125,00.8612
110128,00.7920
110129,00.7932
110130,00.7313
110132,00.7313
110135,00.7601
110142,00.7539
110143,00.9350
110146,00.9044
110150,00.9208
110153,00.8612
110161,00.9350
110164,00.8929
110165,00.9350
110168,00.9208
110177,00.8690
110183,00.9350
110184,00.9350
110186,00.7932
110187,00.9208
110189,00.9208
110190,00.7313
110191,00.9350
110192,00.9350
110194,00.7313
110198,00.9350
110200,00.7932
110201,00.8929
110205,00.7550
110209,00.7313
110215,00.9350
110225,00.9350
110226,00.9350
110229,00.9350
110230,00.9350
110233,00.9350
110234,00.7313
110235,00.7920
110236,00.8519
120001,01.2595
120002,01.2595
120004,01.2595
120005,01.2595
120006,01.2595
120007,01.2595
120011,01.2595
120014,01.2595
120019,01.2595
120022,01.2595
120026,01.2595
120028,01.2595
130002,00.8820
130003,01.0292
130006,00.9657
130007,00.9657
130013,01.0634
130014,00.9657
130018,00.8791
130025,00.8019
130028,00.8791
130049,00.9726
130063,00.9657
130065,00.8713
130066,00.9726
130067,00.7812
130071,00.9657
130072,00.9657
14B010,01.0427
140001,00.8636
140002,00.9107
140007,01.0413
140008,01.0427
140010,01.0427
140011,00.8486
140012,01.0425
140013,00.9037
140015,00.9107
140018,01.0427
140019,00.8486
140026,00.8819
140029,01.0604
140030,01.0604
140032,00.9107
140033,01.0427
140034,00.9107
140040,00.9194
140043,00.9194
140046,00.9107
140048,01.0427
140049,01.0427
140052,00.9107
140053,00.9016
140054,01.0427
140058,00.9107
140059,00.8486
140062,01.0427
140063,01.0427
140064,00.9194
140065,01.0427
140067,00.9292
140068,01.0427
140077,00.9107
140080,01.0427
140082,01.0427
140083,01.0427
140084,01.0427
140088,01.0427
140089,00.8486
140091,00.8708
140093,00.9431
140095,01.0427
140100,01.0427
140101,01.0413
140103,01.0427
140110,01.0263
140113,00.8708
140114,01.0427
140115,01.0427
140116,01.0427
140117,01.0427
140118,01.0427
140119,01.0427
140120,00.9037
140122,01.0413
140124,01.0427
140125,00.9107
140127,00.9292
140130,01.0427
140133,01.0427
140135,00.9016
140137,00.9107
140143,00.8486
140145,00.9107
140147,00.8486
140148,00.9016
140150,01.0427
140155,01.0263
140158,01.0427
140160,00.9636
140161,01.0263
140162,00.9292
140164,00.8486
140166,00.8486
140167,00.8864
140172,01.0427
140174,01.0604
140176,01.0427
140177,01.0427
140179,01.0427
140180,01.0427
140181,01.0427
140182,01.0427
140184,00.8486
140185,00.9107
140186,01.0263
140187,00.9107
140189,00.8486
140191,01.0427
140197,01.0427
140200,01.0413
140202,01.0427
140206,01.0427
140208,01.0427
140209,00.9037
140210,00.8486
140211,01.0604
140213,01.0413
140217,01.0604
140223,01.0427
140224,01.0427
140228,00.9839
140231,01.0413
140233,00.9839
140234,00.8819
140239,00.9839
140240,01.0427
140242,01.0413
140250,01.0427
140251,01.0427
140252,01.0427
140258,01.0427
140275,00.9497
140276,01.0427
140280,00.9497
140281,01.0427
140286,01.0425
140288,01.0413
140289,00.9107
140290,01.0427
140291,01.0427
140292,01.0413
140294,00.8486
140300,01.0427
140304,01.0413
140307,00.9107
150001,01.0266
150002,01.0263
150003,00.9608
150004,01.0263
150005,01.0266
150006,00.9307
150007,00.9317
150008,01.0263
150009,00.8770
150010,00.9317
150011,01.0125
150012,00.8959
150015,01.0263
150017,00.8566
150018,00.8959
150021,00.8566
150022,01.0125
150023,01.0125
150024,01.0266
150026,00.8959
150030,01.0125
150034,01.0263
150035,00.9307
150037,01.0266
150038,01.0266
150042,00.8690
150044,00.8770
150045,00.8494
150046,00.9063
150047,00.8566
150048,00.9071
150051,01.0125
150056,01.0266
150057,01.0266
150058,00.8959
150059,01.0266
150061,00.8189
150064,00.8189
150065,01.0125
150069,00.9203
150072,00.8335
150074,01.0266
150075,00.9071
150076,00.8959
150082,00.9089
150084,01.0266
150086,00.9203
150088,01.0266
150089,01.0125
150090,01.0263
150091,00.8566
150097,01.0266
150100,00.9089
150101,00.8566
150102,00.9307
150104,01.0266
150109,00.9608
150112,01.0130
150113,01.0266
150115,00.8821
150125,01.0263
150126,01.0263
150128,01.0266
150129,01.0266
150133,00.8535
150146,00.8535
150149,00.9089
150150,00.8566
150153,01.0266
150154,01.0266
150157,01.0266
150158,01.0266
150160,01.0266
150161,01.0266
150162,01.0266
150164,00.9457
150165,01.0263
150166,01.0263
150167,00.8566
150168,00.8566
150169,01.0266
150172,00.8770
150173,00.9608
150175,00.9089
150176,00.8770
150177,00.8959
150179,01.0266
150180,00.8959
150181,01.0266
150182,01.0266
150183,00.9457
160001,00.9200
160005,00.8249
160008,00.8249
160013,00.8895
160016,00.8731
160024,00.9200
160028,00.9281
160029,00.9886
160030,00.9366
160032,00.9200
160033,00.9497
160040,00.8440
160045,00.9304
160047,00.9281
160057,00.9304
160058,00.9886
160064,00.8628
160067,00.8440
160069,00.8726
160079,00.9304
160080,00.9194
160082,00.9200
160083,00.9200
160089,00.9304
160101,00.9200
160104,00.9497
160110,00.8440
160112,00.8249
160117,00.8726
160122,00.8249
160124,00.8249
160146,00.8430
160147,00.8249
160153,00.9281
160157,00.9200
170006,00.7718
170009,00.9165
170010,00.7776
170012,00.7718
170013,00.8591
170014,00.9165
170016,00.8972
170017,00.8407
170020,00.8407
170023,00.7718
170027,00.7718
170039,00.7718
170040,00.9165
170049,00.9165
170058,00.9165
170068,00.8154
170074,00.7718
170075,00.7718
170086,00.8972
170103,00.8407
170104,00.9165
170105,00.7718
170109,00.9165
170110,00.7718
170120,00.7718
170122,00.8407
170123,00.8407
170133,00.9165
170137,00.9165
170142,00.8972
170145,00.7776
170146,00.9165
170150,00.7832
170166,00.7718
170175,00.8407
170176,00.9165
170180,00.9165
170182,00.9165
170183,00.8407
170185,00.9165
170186,00.8407
170187,00.7718
170188,00.9165
170190,00.8649
170191,00.7718
170194,00.9165
170196,00.8407
170197,00.8407
170198,00.7718
170199,00.9165
170200,00.8407
170201,00.9165
170203,00.8000
180001,00.9203
180002,00.7965
180004,00.7965
180005,00.8250
180009,00.8369
180010,00.9022
180011,00.7965
180012,00.8770
180013,00.8577
180016,00.7965
180017,00.8577
180018,00.7965
180019,00.7965
180020,00.7965
180021,00.7965
180024,00.7965
180025,00.8770
180027,00.7965
180029,00.8887
180035,00.9203
180036,00.8369
180038,00.8821
180040,00.8770
180043,00.7965
180044,00.8250
180045,00.9203
180046,00.9022
180048,00.8887
180049,00.8887
180050,00.7965
180051,00.8577
180053,00.7965
180056,00.9089
180064,00.8163
180066,00.8323
180067,00.9022
180069,00.8250
180070,00.7965
180078,00.8250
180079,00.8229
180080,00.7965
180087,00.7965
180088,00.8770
180092,00.9022
180093,00.8821
180095,00.7965
180101,00.9022
180102,00.8486
180103,00.9022
180104,00.8486
180105,00.7965
180106,00.7965
180115,00.7965
180116,00.8486
180117,00.7965
180124,00.8577
180127,00.9203
180128,00.7965
180130,00.8770
180132,00.8887
180138,00.8770
180139,00.7965
180141,00.8770
180143,00.9022
180149,00.7965
180152,00.7965
180153,00.7965
190002,00.7818
190003,00.7818
190004,00.8213
190005,00.8332
190006,00.7818
190007,00.8331
190008,00.8213
190011,00.7968
190013,00.7723
190014,00.7971
190015,00.8321
190017,00.7971
190019,00.8894
190020,00.7971
190025,00.7299
190026,00.8894
190027,00.8548
190034,00.7067
190036,00.8332
190039,00.8332
190040,00.8318
190041,00.8441
190044,00.7818
190045,00.8318
190046,00.8332
190050,00.7120
190053,00.7516
190054,00.7818
190060,00.8548
190064,00.7971
190065,00.8213
190079,00.8332
190081,00.7067
190086,00.8331
190088,00.7067
190090,00.7067
190098,00.8441
190099,00.7388
190102,00.7818
190106,00.7067
190111,00.8441
190114,00.7326
190116,00.7253
190118,00.8441
190125,00.7968
190128,00.7971
190133,00.7067
190140,00.7169
190144,00.8441
190145,00.7284
190146,00.8332
190151,00.7067
190160,00.7968
190164,00.8684
190167,00.8684
190175,00.8332
190176,00.8332
190177,00.8318
190183,00.7375
190184,00.8684
190190,00.8684
190199,00.7971
190201,00.7723
190202,00.7971
190204,00.8318
190205,00.7818
190208,00.7098
190218,00.7067
190236,00.8441
190241,00.7375
190242,00.8213
190245,00.7968
190246,00.7968
190250,00.8318
190251,00.7971
190255,00.7818
190256,00.8318
190257,00.7173
190259,00.7818
190261,00.7968
190263,00.7818
190266,00.7971
190267,00.8318
190268,00.7818
190270,00.8318
190274,00.8332
190278,00.8441
190297,00.7067
190298,00.8894
190300,00.8332
190302,00.8332
190303,00.8321
190307,00.7723
190308,00.8332
190312,00.7504
190313,00.8332
200001,01.0045
200008,01.0364
200009,01.0364
200018,00.8804
200019,01.0364
200020,01.0364
200021,01.0364
200024,00.9720
200025,01.0364
200031,00.8804
200033,01.0045
200034,00.9720
200037,00.8804
200039,00.9720
200040,01.0364
200041,00.8804
200050,01.0045
200052,00.8804
200063,00.9720
210001,00.9132
210002,00.9463
210003,00.9998
210004,00.9782
210005,00.9638
210006,00.9463
210008,00.9463
210009,00.9463
210011,00.9463
210012,00.9463
210013,00.9463
210015,00.9463
210016,00.9782
210017,00.8763
210018,00.9782
210019,00.9142
210022,00.9782
210023,00.9563
210024,00.9463
210027,00.8763
210028,00.8941
210029,00.9463
210030,00.9483
210032,01.1303
210033,00.9463
210034,00.9463
210035,00.9998
210037,00.8875
210038,00.9463
210039,00.9998
210040,00.9463
210043,00.9563
210044,00.9463
210045,00.9142
210048,00.9463
210049,00.9463
210051,00.9998
210055,00.9998
210056,00.9463
210057,00.9782
210058,00.9463
210060,00.9998
210061,00.9142
210062,00.9998
210063,00.9463
210064,00.9463
210065,00.9782
22B074,01.3545
220001,01.3545
220002,01.3545
220008,01.3545
220010,01.3545
220011,01.3545
220012,01.3629
220015,01.3545
220016,01.3545
220017,01.3545
220019,01.3545
220020,01.3545
220024,01.3545
220029,01.3545
220030,01.3545
220031,01.3545
220033,01.3545
220035,01.3545
220036,01.3545
220046,01.3545
220049,01.3545
220050,01.3545
220052,01.3545
220058,01.3545
220060,01.3545
220062,01.3545
220063,01.3545
220065,01.3545
220066,01.3545
220067,01.3545
220070,01.3545
220071,01.3545
220073,01.3545
220074,01.3545
220075,01.3545
220077,01.3545
220080,01.3545
220082,01.3545
220083,01.3545
220084,01.3545
220086,01.3545
220088,01.3545
220090,01.3545
220095,01.3545
220098,01.3545
220100,01.3545
220101,01.3545
220105,01.3545
220108,01.3545
220110,01.3545
220111,01.3545
220116,01.3545
220119,01.3545
220126,01.3545
220135,01.3629
220163,01.3545
220171,01.3545
220174,01.3545
220175,01.3545
220176,01.3545
220177,01.3545
230002,00.9258
230003,00.9099
230004,00.9409
230005,00.9481
230013,01.0072
230015,00.9025
230017,01.0015
230019,01.0072
230020,00.9481
230021,00.9560
230022,00.9708
230024,00.9534
230029,01.0072
230030,00.8928
230031,00.9685
230035,00.8928
230036,00.8469
230037,00.9481
230038,00.9099
230040,00.8469
230041,00.9593
230046,01.0129
230047,00.9685
230053,00.9534
230054,00.9081
230055,00.8469
230058,00.8469
230059,00.9099
230066,00.9409
230069,00.9685
230070,00.8969
230071,01.0072
230072,00.9099
230075,00.9708
230077,00.9534
230078,00.8469
230080,00.8469
230081,00.8469
230085,01.0015
230089,00.9258
230092,01.0130
230093,00.8703
230095,00.8469
230096,00.9025
230097,00.9086
230099,00.9481
230100,00.8469
230104,00.9534
230105,00.9593
230108,00.8469
230110,00.8469
230117,01.0015
230118,00.8469
230121,00.9708
230130,01.0072
230132,01.1019
230133,00.8469
230141,01.1019
230142,00.9258
230144,01.0129
230146,00.9534
230151,01.0072
230156,01.0129
230165,00.9534
230167,01.0015
230174,00.9099
230176,00.9258
230180,00.8469
230193,01.0072
230195,00.9685
230197,01.1019
230207,01.0072
230208,00.8928
230216,00.9685
230217,00.9521
230222,00.9361
230227,00.9685
230230,01.0015
230236,00.9099
230239,00.8469
230241,00.9685
230244,00.9258
230254,01.0072
230259,01.0129
230264,00.9685
230269,01.0072
230270,00.9258
230273,00.9258
230275,00.8969
230277,01.0072
230279,00.9685
230297,00.9258
230301,01.0072
230302,01.0072
230303,00.9099
230304,00.9685
240001,01.1038
240002,00.9910
240004,01.1038
240006,01.0691
240010,01.0691
240014,01.1038
240018,01.0770
240019,00.9910
240020,01.1038
240022,00.9013
240030,00.9013
240036,01.0770
240038,01.1038
240040,00.9910
240043,00.9013
240044,00.9082
240047,01.0770
240050,01.1038
240052,00.9013
240053,01.1038
240056,01.1038
240057,01.1038
240059,01.1038
240063,01.1038
240064,00.9179
240066,01.1038
240069,01.0770
240071,01.0480
240075,01.0770
240076,01.1038
240078,01.1038
240080,01.1038
240084,00.9910
240088,01.0054
240093,01.0770
240100,00.9013
240101,00.9200
240104,01.1038
240106,01.1038
240115,01.1038
240132,01.1038
240141,01.1038
240166,00.9013
240187,01.0770
240196,01.1038
240206,01.4448
240207,01.1038
240210,01.1038
240213,01.1038
240214,01.1038
250001,00.8117
250002,00.7197
250004,00.8421
250006,00.7197
250007,00.7902
250009,00.8421
250012,00.8713
250017,00.7197
250018,00.7197
250019,00.7902
250020,00.7768
250025,00.7197
250027,00.7197
250031,00.7766
250034,00.8421
250036,00.7197
250038,00.8117
250040,00.7902
250042,00.8421
250043,00.7197
250044,00.7197
250048,00.8117
250049,00.7197
250050,00.7197
250057,00.7766
250058,00.7197
250060,00.7766
250061,00.8421
250067,00.7768
250069,00.7768
250072,00.8117
250077,00.7197
250078,00.7766
250079,00.7197
250081,00.7197
250082,00.7766
250084,00.7197
250085,00.7197
250093,00.8421
250094,00.7734
250095,00.7197
250096,00.8117
250097,00.7766
250099,00.7766
250100,00.7768
250102,00.8117
250104,00.7766
250117,00.7517
250122,00.7197
250123,00.7902
250124,00.8117
250126,00.8713
250127,01.4448
250128,00.7327
250134,00.8117
250136,00.8117
250138,00.8117
250141,00.8713
250151,00.7197
250152,00.8117
250162,00.7902
250163,00.7318
250167,00.8713
250168,00.7197
260001,00.8000
260004,00.7698
260005,00.9107
260006,00.9728
260009,00.9165
260011,00.8551
260015,00.7698
260017,00.8551
260020,00.9107
260022,00.8249
260023,00.9107
260024,00.7698
260025,00.9107
260027,00.9165
260032,00.9107
260034,00.7698
260040,00.7943
260047,00.8551
260048,00.9165
260050,00.9728
260052,00.9107
260057,00.9165
260059,00.7735
260061,00.7698
260062,00.9165
260064,00.8551
260065,00.7943
260068,00.8239
260070,00.7698
260074,00.8551
260077,00.9107
260078,00.7943
260080,00.7698
260081,00.9107
260085,00.9165
260091,00.9107
260094,00.7943
260095,00.9165
260096,00.9165
260097,00.8160
260102,00.9165
260104,00.9107
260105,00.9107
260108,00.9107
260110,00.7967
260113,00.8486
260116,00.7814
260119,00.7786
260137,00.8000
260138,00.9165
260141,00.8239
260142,00.7698
260147,00.7698
260160,00.7698
260162,00.9107
260163,00.7814
260175,00.9165
260176,00.9107
260177,00.9165
260179,00.9107
260180,00.9107
260183,00.7920
260186,00.8551
260190,00.9165
260191,00.9107
260193,00.9165
260195,00.7698
260200,00.9107
260207,00.7943
260209,00.8551
260210,00.9107
260214,00.9165
260216,00.9165
260219,00.9107
260227,00.7698
270003,01.0000
270004,01.0000
270012,01.0000
270014,01.0000
270017,01.0000
270023,01.0000
270032,01.0000
270049,01.0000
270051,01.0000
270057,01.0000
270074,01.4448
270086,01.0000
270087,01.0000
270089,01.0000
280003,00.9638
280009,00.9656
280013,00.9281
280020,00.9638
280023,00.9638
280030,00.9281
280032,00.8747
280040,00.9281
280060,00.9281
280061,00.8979
280065,00.9726
280077,00.9281
280081,00.9281
280105,00.9281
280111,00.8747
280125,00.8747
280127,00.9638
280128,00.9638
280129,00.9281
280130,00.9281
280131,00.9281
280132,00.9281
280133,00.9281
280134,00.8747
280135,00.9638
290001,01.0000
290002,01.0000
290003,01.1690
290005,01.1690
290007,01.1690
290008,01.0000
290009,01.2500
290012,01.1690
290019,01.0317
290020,01.0000
290021,01.1690
290022,01.1690
290032,01.0000
290039,01.1690
290041,01.1690
290045,01.1690
290046,01.1690
290047,01.1690
290049,01.0000
290051,01.0317
290053,01.1690
290054,01.1690
290056,01.1690
290057,01.1690
290058,01.1690
300001,01.0956
300003,01.0956
300005,01.0956
300011,01.1159
300012,01.1159
300014,01.0956
300017,01.1281
300018,01.0956
300019,01.1244
300020,01.1159
300023,01.1244
300029,01.1281
300034,01.1159
310001,01.2853
310002,01.2747
310003,01.2853
310005,01.1482
310006,01.2853
310008,01.2853
310009,01.2747
310010,01.2853
310011,01.1897
310012,01.2853
310014,01.0871
310015,01.2747
310016,01.2853
310017,01.2747
310019,01.2853
310021,01.0956
310022,01.0795
310024,01.1482
310025,01.2853
310027,01.1482
310028,01.2747
310029,01.0795
310031,01.0713
310032,01.1897
310034,01.2853
310038,01.2853
310039,01.2853
310040,01.2853
310041,01.2853
310044,01.0956
310045,01.2853
310047,01.2656
310048,01.1482
310050,01.2747
310051,01.2747
310052,01.2853
310054,01.2747
310057,01.0713
310058,01.2853
310060,00.9534
310061,01.0713
310064,01.2656
310069,01.1303
310070,01.2853
310073,01.2853
310074,01.2853
310075,01.2853
310076,01.2747
310081,01.0713
310083,01.2747
310084,01.2853
310086,01.0795
310091,01.1303
310092,01.0956
310096,01.2747
310108,01.2853
310110,01.0956
310111,01.2853
310112,01.2853
310113,01.2853
310115,00.9534
310118,01.2853
310119,01.2747
310130,01.2853
320001,00.9269
320002,01.1220
320003,00.9269
320004,00.8588
320005,00.9726
320006,00.9073
320009,00.9269
320011,00.9269
320016,00.8588
320017,00.9269
320018,00.8588
320021,00.9269
320022,00.8588
320030,00.8588
320033,00.9269
320038,00.8588
320057,01.4448
320058,01.4448
320059,01.4448
320060,01.4448
320061,01.4448
320062,01.4448
320063,00.8588
320065,00.8969
320067,00.8588
320070,01.4448
320074,00.9269
320084,00.8588
320085,00.8588
320086,00.8588
320089,00.9073
33B195,01.3348
33B234,01.2211
330003,00.8640
330004,00.9966
330005,01.0280
330006,01.2853
330008,00.8903
330009,01.2853
330011,00.8640
330013,00.8640
330014,01.3348
330019,01.3348
330023,01.2747
330024,01.2853
330027,01.3348
330028,01.2853
330030,00.8640
330033,00.8640
330043,01.3348
330044,00.8893
330045,01.3348
330046,01.3348
330047,00.8640
330049,01.2747
330055,01.3348
330056,01.2853
330057,00.8640
330058,00.8640
330059,01.3348
330061,01.2853
330065,01.0280
330067,01.2211
330073,00.8640
330074,00.8640
330078,01.0280
330079,01.0175
330080,01.2853
330084,00.8640
330085,00.8640
330086,01.2853
330088,01.3348
330090,00.8702
330094,01.0560
330096,00.8640
330100,01.2853
330101,01.3348
330102,01.0280
330103,00.8897
330104,01.2853
330106,01.3348
330107,01.3348
330108,00.8640
330111,01.0280
330115,00.9977
330119,01.3348
330125,00.8640
330126,01.2853
330127,01.2853
330128,01.3348
330132,00.8897
330135,01.2853
330136,00.9526
330140,00.9977
330141,01.3348
330144,00.8640
330151,00.8640
330153,00.8640
330157,00.9526
330158,01.2853
330160,01.2853
330162,01.2853
330163,01.0280
330164,00.9830
330166,00.8640
330167,01.3348
330169,01.3348
330175,00.8804
330180,00.9086
330181,01.3348
330182,01.3348
330184,01.3348
330185,01.3348
330188,01.0280
330191,00.9086
330193,01.3348
330194,01.3348
330195,01.3348
330196,01.2853
330197,00.9627
330198,01.3348
330199,01.2853
330201,01.2853
330202,01.3348
330203,00.9977
330204,01.2853
330205,01.2853
330208,01.3348
330211,00.8640
330214,01.2853
330215,00.9526
330218,00.9977
330219,01.0280
330221,01.2853
330222,00.9086
330223,00.9627
330224,01.2090
330226,00.8640
330229,00.8640
330231,01.3348
330232,00.8640
330233,01.2853
330234,01.2660
330235,00.9526
330236,01.2853
330238,00.8640
330239,00.8640
330240,01.2853
330241,00.9977
330245,00.8893
330246,01.3348
330250,01.0175
330259,01.3348
330261,01.2853
330264,01.2853
330265,00.8640
330267,01.2853
330270,01.3348
330273,01.2747
330276,00.8640
330277,00.8640
330279,01.0280
330285,00.9830
330286,01.3348
330304,01.3348
330306,01.2853
330307,00.9034
330331,01.3348
330332,01.3348
330340,01.3348
330350,01.2853
330353,01.2913
330372,01.3348
330385,01.3348
330386,01.2747
330393,01.3348
330394,00.8640
330395,01.3348
330396,01.2853
330397,01.2853
330399,01.3348
330401,01.3348
330404,01.2853
330405,01.2853
330406,00.8640
330408,00.8640
330409,00.8640
34B115,00.8239
340001,00.9422
340002,00.8889
340003,00.7850
340004,00.9399
340008,00.7850
340010,00.8997
340013,00.9298
340014,00.9158
340015,00.9422
340016,00.7850
340017,00.8959
340020,00.8179
340021,00.9298
340023,00.8889
340024,00.8038
340027,00.8963
340028,00.8997
340030,00.9847
340032,00.9422
340036,00.9413
340037,00.8053
340039,00.9422
340040,00.9431
340041,00.8703
340042,00.8149
340047,00.9158
340049,00.9847
340050,00.8239
340051,00.8703
340053,00.9422
340060,00.8727
340061,00.9847
340064,00.7850
340068,00.8605
340069,00.9524
340070,00.9399
340071,00.8997
340073,00.9524
340075,00.8703
340084,00.8190
340085,00.9158
340087,00.7850
340090,00.9413
340091,00.9399
340096,00.9158
340097,00.7850
340098,00.9422
340099,00.7850
340106,00.7850
340107,00.8586
340109,00.8852
340113,00.9422
340114,00.9524
340115,00.9399
340116,00.9298
340119,00.9422
340120,00.7850
340123,00.9298
340126,00.8963
340127,00.9399
340129,00.9422
340130,00.9422
340131,00.8963
340132,00.7850
340133,00.7850
340141,00.8802
340142,00.7928
340143,00.9298
340144,00.9422
340145,00.9422
340147,00.8997
340148,00.9158
340151,00.8046
340153,00.9422
340155,00.9847
340156,01.4448
340158,00.8336
340159,00.9847
340166,00.9422
340168,00.8802
340171,00.9422
340173,00.9524
340183,00.9422
340184,00.8959
340186,00.8389
340187,00.9158
340188,00.8239
350002,01.0000
350006,01.0000
350011,01.0000
350015,01.0000
350019,01.0000
350063,01.4448
350070,01.0000
36B019,00.7993
36B020,00.8829
360001,00.9203
360002,00.7993
360003,00.9203
360006,00.9549
360008,00.8250
360009,00.8713
360010,00.8019
360011,00.9256
360012,00.9549
360013,00.8489
360014,00.9256
360016,00.9203
360017,00.9549
360019,00.8585
360020,00.8585
360025,00.8540
360026,00.8823
360027,00.8585
360029,00.8671
360032,00.8489
360035,00.9549
360036,00.8585
360037,00.8829
360039,00.9256
360040,00.8593
360041,00.8829
360044,00.8214
360046,00.9203
360048,00.8671
360051,00.9256
360052,00.8823
360054,00.7993
360055,00.8585
360056,00.9203
360058,00.7993
360059,00.8829
360064,00.8585
360065,00.8585
360066,00.8713
360068,00.9481
360070,00.8585
360071,00.8048
360072,00.9549
360074,00.8671
360075,00.8829
360076,00.9203
360077,00.8829
360078,00.8136
360079,00.9256
360080,00.7993
360081,00.8671
360082,00.8829
360084,00.8585
360085,00.9549
360086,00.9256
360087,00.8829
360089,00.7993
360090,00.8671
360091,00.8829
360092,00.9549
360095,00.8489
360096,00.7993
360098,00.8829
360107,00.8097
360109,00.9256
360112,00.8671
360118,00.8243
360121,00.8540
360123,00.8829
360125,00.8585
360131,00.8034
360132,00.9203
360133,00.9203
360134,00.9203
360137,00.8829
360141,00.8585
360143,00.8829
360144,00.8829
360145,00.8829
360147,00.7993
360148,00.7993
360150,00.8585
360151,00.8585
360152,00.9549
360153,00.7993
360155,00.8829
360156,00.8097
360159,00.9256
360161,00.8058
360163,00.9203
360170,00.9549
360172,00.8829
360174,00.8823
360175,00.8221
360179,00.9203
360180,00.8829
360185,00.8272
360189,00.9549
360192,00.8829
360195,00.8829
360197,00.9256
360203,00.7993
360210,00.9549
360211,00.8040
360212,00.8829
360218,00.9549
360230,00.8829
360234,00.9203
360236,00.9203
360239,00.8823
360241,00.8585
360245,00.8585
360247,00.9549
360259,00.8671
360261,00.8369
360262,00.8671
360263,00.8713
360266,00.9549
360270,00.7993
360274,00.8823
360276,00.7993
360348,00.9549
360351,00.8585
360352,00.7993
360354,00.9203
360355,00.8712
360358,00.9549
360359,00.8829
360360,00.8823
360361,00.7993
360362,00.9203
360363,00.7993
360364,00.8829
360365,00.8243
37B041,00.7706
370001,00.8909
370002,00.8425
370004,00.7706
370006,00.8425
370008,00.8909
370011,00.8909
370013,00.8909
370014,00.8025
370015,00.8643
370016,00.8881
370018,00.8643
370019,00.7706
370020,00.8909
370022,00.8106
370023,00.7735
370025,00.8643
370026,00.8881
370028,00.8909
370029,00.8909
370030,00.7706
370032,00.8909
370034,00.8643
370037,00.8909
370039,00.8643
370041,00.8643
370047,00.8909
370049,00.8909
370051,00.7706
370054,00.8909
370056,00.7706
370057,00.8643
370065,00.7723
370072,00.7706
370078,00.8643
370083,00.7706
370089,00.7706
370091,00.8643
370093,00.8909
370094,00.8909
370097,00.8909
370099,00.8909
370100,00.7706
370103,00.7706
370106,00.8909
370112,00.7706
370113,00.8000
370114,00.8909
370139,00.7706
370149,00.8909
370153,00.7756
370156,00.7919
370158,00.8909
370166,00.8643
370169,00.7741
370170,01.4448
370171,01.4448
370172,01.4448
370173,01.4448
370178,00.7706
370180,01.4448
370183,00.8643
370190,00.8643
370192,00.8909
370199,00.8909
370201,00.8909
370202,00.8643
370203,00.8909
370206,00.8909
370210,00.8643
370211,00.8909
370212,00.8909
370214,00.7919
370215,00.8909
370216,00.8643
370218,00.8643
370220,00.8909
370222,00.8909
370225,00.8909
370227,00.8643
370228,00.8643
370229,00.7706
370233,00.8643
370234,00.8909
370235,00.8643
370236,00.8909
370237,00.7723
370239,00.7706
380001,01.1786
380002,01.0650
380004,01.1888
380005,01.0731
380007,01.1888
380009,01.1888
380014,01.0634
380017,01.1888
380018,01.2500
380020,01.1883
380021,01.1888
380022,01.1083
380025,01.1888
380027,01.1760
380029,01.0836
380033,01.1883
380037,01.1888
380038,01.1888
380040,01.0634
380047,01.1321
380050,01.0634
380051,01.1786
380052,01.0634
380056,01.0836
380060,01.1888
380061,01.1888
380071,01.1888
380075,01.2500
380082,01.1888
380089,01.1888
380090,01.1760
380091,01.1888
380102,01.1883
380103,01.1888
39B006,00.8657
39B115,01.0871
39B142,01.0307
390001,00.9150
390002,00.8411
390003,00.9086
390004,00.9461
390006,00.9086
390008,00.8013
390009,00.8442
390012,01.0307
390013,00.9309
390016,00.8272
390019,00.9534
390025,01.0871
390026,01.0871
390027,01.0871
390028,00.8411
390030,00.9512
390031,00.9512
390032,00.8411
390035,01.0871
390036,00.8411
390037,00.8411
390039,00.7894
390041,00.8411
390042,00.8411
390044,00.9915
390045,00.9223
390046,00.9585
390048,00.9223
390049,01.0956
390050,00.8411
390052,00.8350
390056,00.8425
390057,01.0871
390058,00.9461
390061,00.9234
390062,01.0112
390063,00.8442
390065,01.1386
390066,00.9437
390067,00.9585
390068,00.9234
390070,01.0871
390071,00.9223
390072,00.9086
390073,01.0112
390076,01.0211
390079,00.8570
390080,01.0871
390081,01.0871
390084,00.8657
390086,00.8350
390090,00.8411
390091,00.8272
390093,00.7894
390096,00.9915
390097,01.0307
390100,00.9461
390101,00.9476
390102,00.8411
390104,00.7894
390107,00.8411
390110,00.8257
390111,01.0871
390112,00.7894
390113,00.7993
390114,00.8411
390115,01.0871
390116,01.0307
390117,00.8466
390118,00.7894
390119,00.9150
390123,01.0307
390125,00.8316
390127,01.0211
390130,00.7894
390132,01.0871
390133,01.0956
390137,00.9150
390138,01.1747
390139,01.0871
390142,01.0871
390145,00.8411
390146,00.8442
390147,00.8411
390150,00.7978
390151,01.1747
390153,01.0871
390156,01.0871
390157,00.8411
390160,00.8411
390162,01.0956
390163,00.8411
390164,00.8411
390168,00.8411
390173,00.8029
390174,01.0871
390178,00.7894
390179,01.0211
390180,01.0871
390183,00.9512
390184,00.8411
390185,00.9150
390192,00.8541
390194,00.9534
390195,01.0871
390197,00.9534
390198,00.7894
390199,00.7894
390201,01.0304
390203,01.0871
390204,01.0871
390211,00.8585
390217,00.8411
390219,00.8411
390220,01.0211
390222,01.0871
390223,01.0871
390225,00.9234
390226,01.0871
390228,00.8411
390231,01.0307
390233,00.9476
390236,00.8023
390237,00.9150
390256,00.9585
390258,01.0871
390263,00.9534
390265,00.8411
390266,00.7894
390267,00.8411
390268,01.0112
390270,01.0956
390272,01.0307
390278,01.0307
390290,01.0871
390302,01.0871
390304,01.0871
390307,00.7894
390312,01.0871
390314,00.9534
390316,00.9915
390321,00.9534
390322,01.0871
390323,00.8411
390324,01.0307
390325,00.9476
390326,00.9820
390327,00.9476
390328,00.8411
390329,01.0307
390330,01.0304
390331,01.0871
400001,00.4141
400003,00.3846
400004,00.4141
400005,00.4141
400006,00.4141
400007,00.4141
400009,00.3821
400010,00.3711
400011,00.4141
400012,00.4141
400013,00.4141
400014,00.3711
400015,00.4141
400016,00.4141
400018,00.4141
400019,00.4141
400021,00.4232
400022,00.3846
400026,00.3711
400032,00.4141
400044,00.3846
400048,00.3821
400061,00.4141
400079,00.3711
400087,00.3882
400098,00.4141
400102,00.4141
400103,00.3711
400104,00.4141
400105,00.4141
400106,00.4141
400109,00.4141
400110,00.3846
400111,00.3711
400112,00.4141
400113,00.3846
400114,00.4141
400115,00.4141
400117,00.3882
400118,00.4141
400120,00.4141
400121,00.4141
400122,00.4141
400123,00.3711
400124,00.4141
400125,00.4141
400126,00.4232
400127,00.4141
400128,00.4141
400130,00.3860
400131,00.4141
400132,00.4141
400133,00.4141
400134,00.4141
410001,01.0445
410004,01.0445
410005,01.0445
410006,01.0445
410007,01.0445
410008,01.0445
410009,01.1322
410010,01.2200
410011,01.0445
410012,01.0445
410013,01.0445
420002,00.9422
420004,00.8778
420005,00.8048
420007,00.8889
420009,00.8284
420010,00.9298
420011,00.8889
420015,00.8889
420016,00.8048
420018,00.8557
420019,00.9422
420020,00.8778
420023,00.8889
420026,00.8557
420027,00.8889
420030,00.8778
420033,00.8889
420036,00.9422
420037,00.8889
420038,00.8048
420039,00.8406
420043,00.8172
420048,00.8382
420049,00.8336
420051,00.8048
420053,00.8223
420055,00.8048
420057,00.8048
420062,00.8048
420065,00.8778
420066,00.8048
420067,00.8048
420068,00.8778
420069,00.8048
420070,00.8223
420071,00.8889
420072,00.8048
420073,00.8382
420078,00.8889
420079,00.8778
420080,00.8048
420082,00.8690
420083,00.8889
420085,00.8336
420086,00.8382
420087,00.8778
420089,00.8778
420091,00.8048
420098,00.8098
420101,00.8059
420102,00.8889
420103,00.8889
420104,00.8778
420105,00.8336
420106,00.8382
420107,00.8048
420108,00.8406
420109,00.8048
430005,01.0000
430008,01.0000
430012,01.0000
430013,01.0000
430014,01.0000
430015,01.0000
430016,01.0000
430027,01.0000
430048,01.0000
430077,01.0000
430081,01.4448
430083,01.4448
430084,01.4448
430089,01.0000
430090,01.0000
430091,01.0000
430092,01.0000
430093,01.0000
430095,01.0000
430096,01.0000
430097,01.0000
440001,00.7101
440002,00.8421
440003,00.8799
440006,00.8799
440007,00.7305
440008,00.7265
440009,00.7101
440010,00.7101
440011,00.7850
440012,00.7364
440015,00.7175
440016,00.7174
440017,00.7364
440018,00.7101
440020,00.8577
440025,00.7101
440029,00.8799
440030,00.7101
440031,00.7175
440032,00.7101
440033,00.7965
440034,00.7175
440035,00.8577
440039,00.8799
440040,00.7101
440046,00.8799
440048,00.8713
440049,00.8713
440050,00.7101
440051,00.7125
440053,00.8799
440056,00.7175
440057,00.7101
440058,00.8331
440059,00.8577
440060,00.7275
440061,00.7167
440063,00.8463
440064,00.8519
440065,00.8799
440067,00.7175
440068,00.8331
440070,00.7101
440072,00.7101
440073,00.8799
440081,00.7101
440082,00.8799
440083,00.7965
440084,00.7101
440091,00.8519
440102,00.7101
440104,00.8519
440109,00.7101
440110,00.7175
440111,00.8799
440120,00.7175
440125,00.7175
440130,00.7965
440131,00.8713
440132,00.7101
440133,00.8799
440137,00.8577
440144,00.8577
440147,00.8713
440148,00.7101
440150,00.8799
440151,00.8577
440152,00.8713
440153,00.7101
440156,00.8519
440159,00.8713
440161,00.8799
440168,00.8713
440173,00.7175
440174,00.7785
440175,00.8165
440176,00.7116
440180,00.7175
440181,00.7576
440182,00.7174
440183,00.8713
440184,00.7101
440185,00.8331
440187,00.8577
440189,00.8421
440192,00.8577
440193,00.8799
440194,00.8799
440197,00.8799
440200,00.8799
440218,00.8799
440227,00.8799
440228,00.8713
440231,00.8799
440234,00.8713
440235,00.7101
450002,00.8106
450005,00.8878
450007,00.8538
450010,00.8643
450011,00.8106
450015,00.9736
450018,00.9754
450021,00.9736
450023,00.8106
450024,00.8106
450028,00.8760
450029,00.8840
450032,00.8106
450033,00.8760
450034,00.9754
450035,00.9754
450037,00.8106
450039,00.9736
450040,00.8597
450042,00.9510
450044,00.9736
450046,00.9170
450051,00.9736
450054,00.9701
450055,00.8138
450056,00.9417
450058,00.8538
450064,00.9736
450068,00.9754
450072,00.9754
450078,00.8106
450079,00.9736
450080,00.8106
450082,00.8296
450083,00.8244
450085,00.8106
450087,00.9736
450090,00.8810
450092,00.8106
450097,00.9754
450099,00.8106
450101,00.9510
450102,00.8244
450104,00.8538
450107,00.8566
450108,00.8538
450119,00.8760
450124,00.9417
450128,00.8224
450130,00.8538
450132,00.8969
450133,00.8969
450135,00.9736
450137,00.9736
450143,00.9417
450144,00.8969
450147,00.8725
450148,00.9736
450152,00.9701
450154,00.8106
450155,00.8106
450162,00.8597
450163,00.8267
450165,00.8538
450176,00.8224
450184,00.9754
450187,00.8106
450188,00.8106
450192,00.9592
450193,00.9754
450194,00.8106
450196,00.9736
450200,00.8803
450203,00.9592
450209,00.8597
450210,00.8291
450211,00.8106
450213,00.9250
450214,00.8106
450219,00.8106
450222,00.9754
450229,00.8247
450231,00.8154
450235,00.8106
450236,00.8414
450237,00.9250
450241,00.8106
450243,00.8106
450253,00.9754
450271,00.9592
450272,00.9417
450280,00.9736
450289,00.9754
450292,00.9736
450299,00.8491
450306,00.8247
450324,00.9736
450330,00.9754
450340,00.8106
450346,00.9754
450347,00.9754
450348,00.8106
450351,00.9592
450352,00.9736
450358,00.9754
450369,00.8106
450370,00.9754
450372,00.9736
450373,00.8106
450379,00.9736
450388,00.8538
450389,00.8244
450395,00.8106
450399,00.8106
450400,00.8491
450403,00.9736
450411,00.8106
450419,00.9736
450422,00.9736
450424,00.9754
450431,00.9417
450447,00.9736
450451,00.9592
450460,00.8210
450462,00.9736
450465,00.9754
450469,00.9736
450475,00.8106
450484,00.8106
450488,00.8106
450489,00.8106
450497,00.8106
450498,00.8106
450508,00.8106
450518,00.8878
450537,00.9736
450539,00.8205
450558,00.8247
450563,00.9736
450565,00.8656
450571,00.8106
450573,00.8548
450578,00.8106
450580,00.8106
450584,00.8106
450586,00.8106
450587,00.8106
450591,00.9754
450596,00.9592
450597,00.8240
450604,00.8538
450605,00.9170
450610,00.9754
450617,00.9754
450634,00.9736
450638,00.9754
450639,00.9736
450641,00.8680
450643,00.8106
450644,00.9754
450647,00.9736
450651,00.9736
450653,00.8918
450654,00.8106
450656,00.8106
450658,00.8106
450659,00.9754
450661,00.8969
450662,00.8760
450668,00.8106
450669,00.9736
450670,00.9754
450672,00.9736
450674,00.9754
450675,00.9736
450677,00.9736
450678,00.9736
450684,00.9754
450686,00.8597
450688,00.9736
450690,00.8244
450694,00.8106
450697,00.8538
450698,00.8106
450702,00.8106
450709,00.9754
450711,00.8760
450713,00.9417
450716,00.9754
450718,00.9417
450723,00.9736
450730,00.9736
450742,00.9736
450743,00.9736
450746,00.8106
450747,00.8244
450749,00.8106
450755,00.8106
450766,00.9736
450771,00.9736
450774,00.9754
450775,00.9754
450779,00.9736
450780,00.8538
450788,00.9170
450796,00.8154
450797,00.9754
450801,00.8803
450803,00.9754
450804,00.9754
450808,00.9417
450809,00.9417
450820,00.9754
450822,00.9736
450825,00.8224
450827,00.8643
450828,00.8106
450831,00.9754
450832,00.9754
450833,00.9736
450834,00.8491
450840,00.9736
450844,00.9754
450845,00.8566
450847,00.9754
450848,00.9754
450851,00.9736
450853,00.9736
450855,00.8760
450856,00.8538
450860,00.9754
450862,00.9754
450864,00.8244
450865,00.9417
450867,00.9417
450869,00.8224
450871,00.9417
450872,00.9736
450874,00.9736
450875,00.8154
450876,00.8597
450877,00.8106
450880,00.9736
450883,00.9736
450884,00.8106
450885,00.9736
450888,00.9736
450889,00.9736
450890,00.9736
450891,00.9736
450893,00.9736
450894,00.9736
46B051,00.9326
460001,00.9527
460003,00.9693
460004,00.9527
460005,00.9527
460006,00.9693
460007,00.8738
460009,00.9693
460010,00.9693
460011,00.8738
460013,00.9527
460014,00.9693
460015,00.9095
460017,00.9527
460019,00.8738
460021,00.9434
460023,00.9527
460026,00.9255
460030,00.8738
460039,00.9527
460041,00.9527
460042,00.9527
460043,00.9527
460044,00.9693
460047,00.9693
460049,00.9693
460051,00.9693
460052,00.9527
460054,00.8822
460057,00.9527
460058,00.9693
460060,00.9693
470001,01.0474
470003,01.0175
470005,00.9825
470011,01.0219
470012,01.0560
470024,01.0175
490001,00.7575
490002,00.7575
490004,00.8969
490005,00.9998
490007,00.8852
490009,00.9097
490011,00.8852
490013,00.8361
490017,00.8852
490018,00.8969
490019,00.9998
490020,00.9065
490021,00.8969
490022,00.9998
490023,00.9998
490024,00.8411
490032,00.9065
490033,00.9998
490037,00.9142
490038,00.7575
490040,00.9998
490041,00.8852
490042,00.8295
490043,00.9998
490044,00.8852
490045,00.9998
490046,00.8852
490048,00.8411
490050,00.9998
490052,00.8852
490053,00.7575
490057,00.8852
490059,00.9065
490060,00.7575
490063,00.9998
490066,00.9065
490067,00.9065
490069,00.9065
490075,00.8310
490077,00.9097
490079,00.7575
490084,00.9065
490088,00.8499
490089,00.8411
490090,00.9065
490092,00.7575
490093,00.8852
490094,00.9065
490097,00.9065
490098,00.7575
490101,00.9998
490104,00.9065
490106,00.9300
490107,00.9998
490110,00.8498
490111,00.7575
490112,00.9065
490113,00.9998
490114,00.7575
490115,00.7575
490116,00.7575
490117,00.7575
490118,00.9065
490119,00.8852
490120,00.8852
490122,00.9998
490126,00.8310
490127,00.7575
490130,00.8852
490134,00.7575
490135,00.8411
490136,00.9065
490140,00.9998
490141,00.9998
490143,00.8852
490144,00.9998
490145,00.9998
500001,01.1612
500002,01.0389
500003,01.1493
500005,01.1612
500007,01.1493
500008,01.1612
500011,01.1612
500012,01.0314
500014,01.1612
500015,01.1612
500016,01.1493
500019,01.1687
500021,01.1687
500024,01.1687
500025,01.1612
500026,01.1612
500027,01.1612
500030,01.2073
500031,01.1309
500033,01.0314
500036,01.0314
500037,01.0314
500039,01.1687
500041,01.0314
500044,01.1133
500049,01.0389
500050,01.1888
500051,01.1612
500052,01.1612
500053,01.0427
500054,01.1133
500058,01.0427
500060,01.1612
500064,01.1612
500072,01.0368
500077,01.1133
500079,01.1687
500084,01.1612
500088,01.1687
500108,01.1687
500119,01.1133
500124,01.1612
500129,01.1687
500139,01.1687
500141,01.1612
500148,01.0314
500150,01.1888
500151,01.1687
500152,01.1612
500154,01.1612
51B022,00.8369
510001,00.8272
510002,00.8310
510006,00.8252
510007,00.8369
510008,00.9998
510012,00.7650
510013,00.7335
510022,00.8436
510023,00.8272
510024,00.8272
510029,00.8436
510030,00.7335
510031,00.8436
510038,00.7335
510039,00.7335
510046,00.7801
510047,00.8272
510048,00.7335
510050,00.8272
510055,00.8369
510058,00.7993
510059,00.8436
510062,00.8003
510070,00.8336
510071,00.7801
510072,00.7335
510077,00.7675
510082,00.7335
510085,00.8369
510086,00.7335
510091,00.8436
520002,00.9221
520004,01.0480
520008,00.9734
520009,00.9335
520011,00.9683
520013,01.0770
520017,00.9683
520019,00.9221
520021,01.0427
520027,00.9734
520028,01.0694
520030,00.9221
520033,00.9221
520034,00.9221
520035,00.9734
520037,00.9221
520038,00.9734
520041,01.0694
520044,00.9437
520045,00.9324
520048,00.9324
520049,00.9221
520051,01.0427
520057,01.0568
520059,00.9533
520062,00.9734
520063,00.9734
520066,00.9615
520070,01.0770
520071,00.9734
520075,00.9335
520076,00.9526
520078,00.9734
520083,01.0694
520087,00.9416
520088,00.9734
520089,01.0694
520091,00.9221
520095,01.0568
520096,01.0263
520097,00.9221
520098,01.0694
520100,01.0568
520102,01.0427
520103,00.9734
520107,00.9335
520109,00.9221
520113,00.9221
520116,00.9734
520136,00.9734
520138,01.0427
520139,00.9734
520160,00.9335
520177,01.0427
520189,01.0427
520193,00.9335
520194,00.9734
520195,00.9734
520196,00.9683
520198,00.9324
520202,00.9335
520204,00.9734
520205,00.9734
520206,00.9734
520207,00.9734
520208,01.0568
530002,01.0000
530006,01.0000
530008,01.0000
530010,01.0000
530011,01.0000
530012,01.0000
530014,01.0000
530015,01.0000
530025,01.0000
530032,01.0000
530033,01.0000
67B062,00.9681
670002,00.9736
670004,00.8106
670005,00.9754
670006,00.9417
670008,00.9754
670010,00.9736
670012,00.9754
670019,00.9754
670023,00.9736
670024,00.9754
670025,00.9736
670029,00.9754
670031,00.9754
670034,00.9417
670041,00.9417
670043,00.9417
670044,00.9736
670045,00.9736
670046,00.9736
670047,00.8106
670049,00.9736
670050,00.8597
670053,00.9754
670054,00.8538
670055,00.8538
670056,00.9417
670058,00.9754
670059,00.9754
670060,00.9736
670061,00.9170
670062,00.9736
670066,00.8969
670067,00.9736
670068,00.9736
670069,00.9736
670071,00.9736
670072,00.9754
670073,00.9736
670075,00.9754
670076,00.9736
670077,00.9754
670078,00.8538
670079,00.9417
670080,00.9701
670082,00.9736
670083,00.9736
670085,00.9736
670087,00.9417
670088,00.8491
670089,00.8106
670090,00.9736
670091,00.8927
670092,00.9736
670093,00.9754
670094,00.9250
670095,00.9754
670096,00.9754
670097,00.9736
670098,00.8672
670099,00.9754
670100,00.9736
670101,00.9736
670102,00.9754
670103,00.9736
670106,00.9754
670107,00.9736
670108,00.8289
670109,00.9754
670110,00.9736
670111,00.8969
670112,00.8538
670114,00.8106
670115,00.9754
670116,00.9681
670117,00.9736
670118,00.9754
670119,00.9754
670120,00.8106
670121,00.9681
670122,00.9754
670124,00.8106
