cbsa,effectiveDate,geographicWageIndex,reclassifiedWageIndex,imputedFloorWageIndex,name
01,20250101,0.7579,0.7579,0.0000,ALABAMA
02,20250101,1.0365,1.0365,0.0000,ALASKA
03,20250101,1.1097,0.9976,0.0000,ARIZONA
04,20250101,0.8135,0.8135,0.0000,ARKANSAS
05,20250101,1.4510,1.4358,0.0000,CALIFORNIA
06,20250101,1.0083,0.9391,0.0000,COLORADO
07,20250101,1.3258,1.0604,0.0000,CONNECTICUT
08,20250101,1.0007,1.0007,0.0000,DELAWARE
09,20250101,0.0000,0.0000,1.2958,DISTRICT OF COLUMBIA
10,20250101,1.0063,0.9009,0.0000,FLORIDA
11,20250101,0.7948,0.7867,0.0000,GEORGIA
12,20250101,1.3015,1.1794,0.0000,HAWAII
13,20250101,0.8937,0.8937,0.0000,IDAHO
14,20250101,1.0707,0.9287,0.0000,ILLINOIS
15,20250101,1.0793,0.9535,0.0000,INDIANA
16,20250101,0.8391,0.8377,0.0000,IOWA
17,20250101,0.8484,0.8331,0.0000,KANSAS
18,20250101,0.8432,0.8432,0.0000,KENTUCKY
19,20250101,0.7954,0.7954,0.0000,LOUISIANA
20,20250101,0.9464,0.9232,0.0000,MAINE
21,20250101,0.8577,0.8577,0.0000,MARYLAND
22,20250101,1.3126,1.0767,0.0000,MASSACHUSETTS
23,20250101,0.9663,0.9030,0.0000,MICHIGAN
24,20250101,0.9690,0.9357,0.0000,MINNESOTA
25,20250101,0.7349,0.7349,0.0000,MISSISSIPPI
26,20250101,0.8429,0.8373,0.0000,MISSOURI
27,20250101,1.0000,0.8834,0.0000,MONTANA
28,20250101,0.8747,0.8664,0.0000,NEBRASKA
29,20250101,1.1043,1.1043,0.0000,NEVADA
30,20250101,1.0748,0.9660,0.0000,NEW HAMPSHIRE
31,20250101,0.0000,0.0000,1.1548,NEW JERSEY
32,20250101,0.9159,0.8818,0.0000,NEW MEXICO
33,20250101,1.3056,1.1639,0.0000,NEW YORK
34,20250101,0.8928,0.8902,0.0000,NORTH CAROLINA
35,20250101,1.0000,0.8451,0.0000,NORTH DAKOTA
36,20250101,0.8457,0.8434,0.0000,OHIO
37,20250101,0.9187,0.8623,0.0000,OKLAHOMA
38,20250101,1.1287,1.0588,0.0000,OREGON
39,20250101,0.9367,0.9185,0.0000,PENNSYLVANIA
40,20250101,0.2456,0.2456,0.3319,PUERTO RICO
41,20250101,0.0000,0.0000,1.1516,RHODE ISLAND
42,20250101,0.8325,0.8325,0.0000,SOUTH CAROLINA
43,20250101,1.0000,0.8007,0.0000,SOUTH DAKOTA
44,20250101,0.8095,0.8076,0.0000,TENNESSEE
45,20250101,0.8957,0.8937,0.0000,TEXAS
46,20250101,0.9311,0.9311,0.0000,UTAH
47,20250101,0.9321,0.9321,0.0000,VERMONT
49,20250101,0.9247,0.8644,0.0000,VIRGINIA
50,20250101,1.1114,1.1090,0.0000,WASHINGTON
51,20250101,0.7583,0.7583,0.0000,WEST VIRGINIA
52,20250101,0.9159,0.9147,0.0000,WISCONSIN
53,20250101,1.0000,0.9209,0.0000,WYOMING
98,20250101,1.9343,1.9343,0.0000,ALASKA INDIAN
99,20250101,1.4448,1.4448,0.0000,LOWER-48 INDIAN
10180,20250101,0.9554,0.8587,0.0000,Abilene TX
10380,20250101,0.2844,0.2844,0.0000,Aguadilla PR
10420,20250101,0.7728,0.7728,0.0000,Akron OH
10500,20250101,0.9524,0.8534,0.0000,Albany GA
10540,20250101,1.0389,1.0389,0.0000,Albany OR
10580,20250101,0.8065,0.8065,0.0000,Albany-Schenectady-Troy NY
10740,20250101,0.9050,0.9050,0.0000,Albuquerque NM
10780,20250101,0.9187,0.8763,0.0000,Alexandria LA
10900,20250101,1.0302,0.9795,0.0000,Allentown-Bethlehem-Easton PA-NJ
11020,20250101,0.8646,0.8397,0.0000,Altoona PA
11100,20250101,0.7753,0.7753,0.0000,Amarillo TX
11180,20250101,0.8957,0.8827,0.0000,Ames IA
11200,20250101,0.9208,0.9208,0.0000,Amherst Town-Northampton MA
11244,20250101,1.1852,1.1852,0.0000,Anaheim-Santa Ana-Irvine CA
11260,20250101,1.1164,1.1164,0.0000,Anchorage AK
11460,20250101,0.9714,0.9078,0.0000,Ann Arbor MI
11500,20250101,0.7123,0.7123,0.0000,Anniston-Oxford AL
11540,20250101,0.9304,0.9197,0.0000,Appleton WI
11640,20250101,0.2919,0.2919,0.0000,Arecibo PR
11694,20250101,1.0115,0.9590,0.0000,Arlington-Alexandria-Reston VA-WV
11700,20250101,0.8813,0.8623,0.0000,Asheville NC
12020,20250101,0.8834,0.8834,0.0000,Athens-Clarke County GA
12054,20250101,0.9916,0.9573,0.0000,Atlanta-Sandy Springs-Roswell GA
12100,20250101,1.0214,0.9960,0.0000,Atlantic City-Hammonton NJ
12220,20250101,0.6645,0.6645,0.0000,Auburn-Opelika AL
12260,20250101,0.7811,0.7811,0.0000,Augusta-Richmond County GA-SC
12420,20250101,0.9485,0.8781,0.0000,Austin-Round Rock-San Marcos TX
12540,20250101,1.1930,1.1930,0.0000,Bakersfield-Delano CA
12580,20250101,0.9652,0.9652,0.0000,Baltimore-Columbia-Towson MD
12620,20250101,0.9005,0.9005,0.0000,Bangor ME
12700,20250101,1.1351,1.1351,0.0000,Barnstable Town MA
12940,20250101,0.8306,0.7987,0.0000,Baton Rouge LA
12980,20250101,0.9100,0.9100,0.0000,Battle Creek MI
13020,20250101,0.8786,0.8786,0.0000,Bay City MI
13140,20250101,0.8664,0.8459,0.0000,Beaumont-Port Arthur TX
13220,20250101,0.9675,0.9675,0.0000,Beckley WV
13380,20250101,1.2242,1.2242,0.0000,Bellingham WA
13460,20250101,1.0830,1.0830,0.0000,Bend OR
13740,20250101,0.9065,0.9065,0.0000,Billings MT
13780,20250101,0.8226,0.8226,0.0000,Binghamton NY
13820,20250101,0.7742,0.7605,0.0000,Birmingham AL
13900,20250101,0.8770,0.8770,0.0000,Bismarck ND
13980,20250101,0.8182,0.8182,0.0000,Blacksburg-Christiansburg-Radford VA
14010,20250101,0.8601,0.8269,0.0000,Bloomington IL
14020,20250101,0.9465,0.9465,0.0000,Bloomington IN
14260,20250101,0.9041,0.9041,0.0000,Boise City ID
14454,20250101,1.1130,1.0643,0.0000,Boston MA
14500,20250101,0.9840,0.9642,0.0000,Boulder CO
14540,20250101,0.8679,0.8679,0.0000,Bowling Green KY
14580,20250101,0.9137,0.9137,0.0000,Bozeman MT
14740,20250101,1.2757,1.1963,0.0000,Bremerton-Silverdale-Port Orchard WA
14860,20250101,1.1061,1.0778,0.0000,Bridgeport-Stamford-Danbury CT
15180,20250101,0.8491,0.8491,0.0000,Brownsville-Harlingen TX
15260,20250101,0.9799,0.9313,0.0000,Brunswick-St. Simons GA
15380,20250101,1.0166,0.9460,0.0000,Buffalo-Cheektowaga NY
15500,20250101,0.9592,0.9592,0.0000,Burlington NC
15540,20250101,0.9556,0.9556,0.0000,Burlington-South Burlington VT
15764,20250101,1.0053,1.0053,0.0000,Cambridge-Newton-Framingham MA
15804,20250101,0.9944,0.9944,0.0000,Camden NJ
15940,20250101,0.7507,0.7507,0.0000,Canton-Massillon OH
15980,20250101,0.8961,0.8961,0.0000,Cape Coral-Fort Myers FL
16020,20250101,0.6999,0.6999,0.0000,Cape Girardeau MO-IL
16180,20250101,0.8703,0.8703,0.0000,Carson City NV
16220,20250101,0.9021,0.9021,0.0000,Casper WY
16300,20250101,0.8321,0.8321,0.0000,Cedar Rapids IA
16540,20250101,1.0565,1.0401,0.0000,Chambersburg PA
16580,20250101,0.8942,0.8942,0.0000,Champaign-Urbana IL
16620,20250101,0.7930,0.7930,0.0000,Charleston WV
16700,20250101,0.8603,0.8603,0.0000,Charleston-North Charleston SC
16740,20250101,0.9185,0.8959,0.0000,Charlotte-Concord-Gastonia NC-SC
16820,20250101,0.9578,0.9022,0.0000,Charlottesville VA
16860,20250101,0.8234,0.8234,0.0000,Chattanooga TN-GA
16940,20250101,0.8779,0.8414,0.0000,Cheyenne WY
16984,20250101,1.0008,0.9840,0.0000,Chicago-Naperville-Schaumburg IL
17020,20250101,1.0136,1.0136,0.0000,Chico CA
17140,20250101,0.9080,0.8974,0.0000,Cincinnati OH-KY-IN
17300,20250101,0.9432,0.9432,0.0000,Clarksville TN-KY
17410,20250101,0.8558,0.8449,0.0000,Cleveland OH
17420,20250101,0.8434,0.8434,0.0000,Cleveland TN
17660,20250101,0.9165,0.9165,0.0000,Coeur dAlene ID
17780,20250101,0.8729,0.8729,0.0000,College Station-Bryan TX
17820,20250101,0.9613,0.9613,0.0000,Colorado Springs CO
17860,20250101,0.8332,0.8332,0.0000,Columbia MO
17900,20250101,0.8496,0.8393,0.0000,Columbia SC
17980,20250101,0.7950,0.7950,0.0000,Columbus GA-AL
18020,20250101,1.0620,0.9827,0.0000,Columbus IN
18140,20250101,0.9215,0.9215,0.0000,Columbus OH
18580,20250101,0.9543,0.9083,0.0000,Corpus Christi TX
18700,20250101,1.0589,1.0589,0.0000,Corvallis OR
18880,20250101,0.8846,0.8846,0.0000,Crestview-Fort Walton Beach-Destin FL
19124,20250101,0.9362,0.9362,0.0000,Dallas-Plano-Irving TX
19140,20250101,0.8263,0.8263,0.0000,Dalton GA
19300,20250101,0.9030,0.9030,0.0000,Daphne-Fairhope-Foley AL
19340,20250101,0.7713,0.7713,0.0000,Davenport-Moline-Rock Island IA-IL
19430,20250101,0.8902,0.8902,0.0000,Dayton-Kettering-Beavercreek OH
19460,20250101,0.8224,0.8224,0.0000,Decatur AL
19500,20250101,0.9126,0.9126,0.0000,Decatur IL
19660,20250101,0.8475,0.8475,0.0000,Deltona-Daytona Beach-Ormond Beach FL
19740,20250101,0.9462,0.9462,0.0000,Denver-Aurora-Centennial CO
19780,20250101,0.8768,0.8768,0.0000,Des Moines-West Des Moines IA
19804,20250101,0.8900,0.8900,0.0000,Detroit-Dearborn-Livonia MI
20020,20250101,0.6481,0.6481,0.0000,Dothan AL
20100,20250101,1.1062,1.0913,0.0000,Dover DE
20220,20250101,0.8219,0.8219,0.0000,Dubuque IA
20260,20250101,0.9581,0.9581,0.0000,Duluth MN-WI
20500,20250101,0.9419,0.9197,0.0000,Durham-Chapel Hill NC
20580,20250101,0.7941,0.7941,0.0000,Eagle Pass TX
20740,20250101,0.9325,0.9100,0.0000,Eau Claire WI
20940,20250101,0.7503,0.7503,0.0000,El Centro CA
20994,20250101,0.9951,0.9951,0.0000,Elgin IL
21060,20250101,0.8364,0.8364,0.0000,Elizabethtown KY
21140,20250101,0.9158,0.9158,0.0000,Elkhart-Goshen IN
21300,20250101,0.8288,0.8288,0.0000,Elmira NY
21340,20250101,0.8013,0.8013,0.0000,El Paso TX
21420,20250101,0.8340,0.8340,0.0000,Enid OK
21500,20250101,0.8060,0.8060,0.0000,Erie PA
21660,20250101,1.1347,1.1134,0.0000,Eugene-Springfield OR
21780,20250101,0.9356,0.8887,0.0000,Evansville IN
21794,20250101,1.1112,1.0726,0.0000,Everett WA
21820,20250101,0.8338,0.8338,0.0000,Fairbanks-College AK
22020,20250101,0.8642,0.8642,0.0000,Fargo ND-MN
22140,20250101,0.8809,0.8809,0.0000,Farmington NM
22180,20250101,0.9204,0.9204,0.0000,Fayetteville NC
22220,20250101,0.8464,0.8464,0.0000,Fayetteville-Springdale-Rogers AR
22380,20250101,1.0725,1.0235,0.0000,Flagstaff AZ
22420,20250101,1.0061,0.9213,0.0000,Flint MI
22500,20250101,0.8192,0.8192,0.0000,Florence SC
22520,20250101,0.6928,0.6928,0.0000,Florence-Muscle Shoals AL
22540,20250101,0.7742,0.7742,0.0000,Fond du Lac WI
22660,20250101,0.9567,0.9567,0.0000,Fort Collins-Loveland CO
22744,20250101,0.9818,0.9315,0.0000,Fort Lauderdale-Pompano Beach-Sunrise FL
22900,20250101,0.8870,0.8731,0.0000,Fort Smith AR-OK
23060,20250101,1.0330,1.0066,0.0000,Fort Wayne IN
23104,20250101,0.9229,0.9229,0.0000,Fort Worth-Arlington-Grapevine TX
23224,20250101,0.9469,0.9469,0.0000,Frederick-Gaithersburg-Bethesda MD
23420,20250101,1.2012,1.2012,0.0000,Fresno CA
23460,20250101,0.6880,0.6362,0.0000,Gadsden AL
23540,20250101,0.9275,0.8685,0.0000,Gainesville FL
23580,20250101,0.9012,0.9012,0.0000,Gainesville GA
23900,20250101,1.0022,0.8881,0.0000,Gettysburg PA
24020,20250101,0.8443,0.8443,0.0000,Glens Falls NY
24140,20250101,0.9619,0.9224,0.0000,Goldsboro NC
24220,20250101,0.7527,0.7527,0.0000,Grand Forks ND-MN
24260,20250101,0.9113,0.9113,0.0000,Grand Island NE
24300,20250101,0.8962,0.8962,0.0000,Grand Junction CO
24340,20250101,0.8320,0.8320,0.0000,Grand Rapids-Wyoming-Kentwood MI
24420,20250101,1.0650,1.0650,0.0000,Grants Pass OR
24500,20250101,0.8557,0.8557,0.0000,Great Falls MT
24540,20250101,1.0104,1.0104,0.0000,Greeley CO
24580,20250101,0.8978,0.8978,0.0000,Green Bay WI
24660,20250101,0.8670,0.8670,0.0000,Greensboro-High Point NC
24780,20250101,0.8386,0.8149,0.0000,Greenville NC
24860,20250101,0.8618,0.8618,0.0000,Greenville-Anderson-Greer SC
25020,20250101,0.3375,0.3375,0.0000,Guayama PR
25060,20250101,0.7159,0.7159,0.0000,Gulfport-Biloxi MS
25180,20250101,0.8438,0.8438,0.0000,Hagerstown-Martinsburg MD-WV
25220,20250101,0.7594,0.7594,0.0000,Hammond LA
25260,20250101,1.0758,1.0758,0.0000,Hanford-Corcoran CA
25420,20250101,0.8848,0.8848,0.0000,Harrisburg-Carlisle PA
25500,20250101,0.9651,0.9122,0.0000,Harrisonburg VA
25540,20250101,1.0500,1.0500,0.0000,Hartford-West Hartford-East Hartford CT
25620,20250101,0.7201,0.6893,0.0000,Hattiesburg MS
25740,20250101,0.7338,0.7338,0.0000,Helena MT
25860,20250101,0.8469,0.8469,0.0000,Hickory-Lenoir-Morganton NC
25940,20250101,0.8095,0.8095,0.0000,Hilton Head Island-Bluffton-Port Royal SC
25980,20250101,0.9352,0.9352,0.0000,Hinesville GA
26140,20250101,0.8349,0.8349,0.0000,Homosassa Springs FL
26300,20250101,0.8944,0.8944,0.0000,Hot Springs AR
26380,20250101,0.6765,0.6765,0.0000,Houma-Bayou Cane-Thibodaux LA
26420,20250101,1.0027,1.0027,0.0000,Houston-Pasadena-The Woodlands TX
26580,20250101,0.8171,0.8171,0.0000,Huntington-Ashland WV-KY-OH
26620,20250101,0.8132,0.8132,0.0000,Huntsville AL
26820,20250101,0.8312,0.8312,0.0000,Idaho Falls ID
26900,20250101,0.9759,0.9759,0.0000,Indianapolis-Carmel-Greenwood IN
26980,20250101,0.8763,0.8560,0.0000,Iowa City IA
27060,20250101,0.9204,0.8971,0.0000,Ithaca NY
27100,20250101,0.8334,0.8334,0.0000,Jackson MI
27140,20250101,0.7918,0.7758,0.0000,Jackson MS
27180,20250101,0.7331,0.7331,0.0000,Jackson TN
27260,20250101,0.8653,0.8653,0.0000,Jacksonville FL
27340,20250101,0.7052,0.7052,0.0000,Jacksonville NC
27500,20250101,0.8918,0.8918,0.0000,Janesville-Beloit WI
27620,20250101,0.9404,0.9404,0.0000,Jefferson City MO
27740,20250101,0.7947,0.7947,0.0000,Johnson City TN
27780,20250101,0.7998,0.7998,0.0000,Johnstown PA
27860,20250101,0.7750,0.7750,0.0000,Jonesboro AR
27900,20250101,0.7466,0.7466,0.0000,Joplin MO-KS
27980,20250101,1.0536,1.0536,0.0000,Kahului-Wailuku HI
28020,20250101,0.9113,0.8875,0.0000,Kalamazoo-Portage MI
28100,20250101,0.8640,0.8640,0.0000,Kankakee IL
28140,20250101,0.9012,0.8913,0.0000,Kansas City MO-KS
28420,20250101,0.9574,0.9574,0.0000,Kennewick-Richland WA
28450,20250101,0.9376,0.9376,0.0000,Kenosha WI
28660,20250101,0.9668,0.9668,0.0000,Killeen-Temple TX
28700,20250101,0.8100,0.8100,0.0000,Kingsport-Bristol TN-VA
28740,20250101,1.0806,1.0806,0.0000,Kingston NY
28880,20250101,1.1564,1.1564,0.0000,Kiryas Joel-Poughkeepsie-Newburgh NY
28940,20250101,0.6828,0.6828,0.0000,Knoxville TN
29020,20250101,1.0090,1.0090,0.0000,Kokomo IN
29100,20250101,0.9476,0.9476,0.0000,La Crosse-Onalaska WI-MN
29180,20250101,0.7598,0.7598,0.0000,Lafayette LA
29200,20250101,0.9556,0.9449,0.0000,Lafayette-West Lafayette IN
29340,20250101,0.7804,0.7804,0.0000,Lake Charles LA
29404,20250101,0.9670,0.9670,0.0000,Lake County IL
29414,20250101,0.9060,0.9060,0.0000,Lake County-Porter County-Jasper County IN
29420,20250101,0.9256,0.9256,0.0000,Lake Havasu City-Kingman AZ
29460,20250101,0.8351,0.8351,0.0000,Lakeland-Winter Haven FL
29484,20250101,1.1062,1.0819,0.0000,Lakewood-New Brunswick NJ
29540,20250101,0.9019,0.9019,0.0000,Lancaster PA
29620,20250101,0.9100,0.8885,0.0000,Lansing-East Lansing MI
29700,20250101,0.7751,0.7751,0.0000,Laredo TX
29740,20250101,0.8729,0.8178,0.0000,Las Cruces NM
29820,20250101,1.0595,1.0595,0.0000,Las Vegas-Henderson-North Las Vegas NV
29940,20250101,0.8352,0.8352,0.0000,Lawrence KS
30020,20250101,0.8085,0.8085,0.0000,Lawton OK
30140,20250101,0.9797,0.9613,0.0000,Lebanon PA
30300,20250101,0.9072,0.9072,0.0000,Lewiston ID-WA
30340,20250101,0.8747,0.8747,0.0000,Lewiston-Auburn ME
30460,20250101,0.9708,0.9517,0.0000,Lexington-Fayette KY
30500,20250101,0.9208,0.9208,0.0000,Lexington Park MD
30620,20250101,0.8957,0.8603,0.0000,Lima OH
30700,20250101,0.9419,0.9419,0.0000,Lincoln NE
30780,20250101,0.8619,0.8381,0.0000,Little Rock-North Little Rock-Conway AR
30860,20250101,0.9033,0.9033,0.0000,Logan UT-ID
30980,20250101,0.9250,0.9087,0.0000,Longview TX
31020,20250101,1.1826,1.1826,0.0000,Longview-Kelso WA
31084,20250101,1.2423,1.2167,0.0000,Los Angeles-Long Beach-Glendale CA
31140,20250101,0.8905,0.8905,0.0000,Louisville/Jefferson County KY-IN
31180,20250101,0.8151,0.8151,0.0000,Lubbock TX
31340,20250101,0.7238,0.7238,0.0000,Lynchburg VA
31420,20250101,0.7895,0.7895,0.0000,Macon-Bibb County GA
31540,20250101,0.9334,0.9220,0.0000,Madison WI
31700,20250101,0.9524,0.9248,0.0000,Manchester-Nashua NH
31740,20250101,0.7819,0.7819,0.0000,Manhattan KS
31860,20250101,0.9994,0.9994,0.0000,Mankato MN
31900,20250101,0.9937,0.8925,0.0000,Mansfield OH
31924,20250101,1.0168,0.9768,0.0000,Marietta GA
32420,20250101,0.3158,0.3158,0.0000,Mayag?ez PR
32580,20250101,0.7989,0.7989,0.0000,McAllen-Edinburg-Mission TX
32780,20250101,1.0659,1.0659,0.0000,Medford OR
32820,20250101,0.8180,0.7982,0.0000,Memphis TN-MS-AR
32900,20250101,1.2707,1.2707,0.0000,Merced CA
33124,20250101,0.9573,0.9573,0.0000,Miami-Miami Beach-Kendall FL
33140,20250101,0.8768,0.8364,0.0000,Michigan City-La Porte IN
33220,20250101,0.8716,0.8716,0.0000,Midland MI
33260,20250101,0.8281,0.8281,0.0000,Midland TX
33340,20250101,0.9517,0.9395,0.0000,Milwaukee-Waukesha WI
33460,20250101,1.0193,1.0049,0.0000,Minneapolis-St. Paul-Bloomington MN-WI
33500,20250101,0.7685,0.7685,0.0000,Minot ND
33540,20250101,0.8852,0.8852,0.0000,Missoula MT
33660,20250101,0.8247,0.7861,0.0000,Mobile AL
33700,20250101,1.1819,1.1672,0.0000,Modesto CA
33740,20250101,0.8249,0.8249,0.0000,Monroe LA
33780,20250101,0.9245,0.9245,0.0000,Monroe MI
33860,20250101,0.8317,0.8098,0.0000,Montgomery AL
33874,20250101,0.9265,0.9265,0.0000,Montgomery County-Bucks County-Chester County PA
34060,20250101,0.7327,0.7179,0.0000,Morgantown WV
34100,20250101,0.6741,0.6741,0.0000,Morristown TN
34580,20250101,0.9799,0.9799,0.0000,Mount Vernon-Anacortes WA
34620,20250101,0.9690,0.9690,0.0000,Muncie IN
34740,20250101,0.9259,0.8562,0.0000,Muskegon-Norton Shores MI
34820,20250101,0.8171,0.8171,0.0000,Myrtle Beach-Conway-North Myrtle Beach SC
34900,20250101,1.3798,1.3798,0.0000,Napa CA
34940,20250101,0.8683,0.8683,0.0000,Naples-Marco Island FL
34980,20250101,0.9295,0.9065,0.0000,Nashville-Davidson--Murfreesboro--Franklin TN
35004,20250101,1.2496,1.2190,0.0000,Nassau County-Suffolk County NY
35084,20250101,1.0873,1.0719,0.0000,Newark NJ
35300,20250101,1.0648,1.0433,0.0000,New Haven CT
35380,20250101,0.8262,0.8262,0.0000,New Orleans-Metairie LA
35614,20250101,1.2961,1.2657,0.0000,New York-Jersey City-White Plains NY-NJ
35660,20250101,0.8054,0.8054,0.0000,Niles MI
35840,20250101,0.9247,0.8891,0.0000,North Port-Bradenton-Sarasota FL
35980,20250101,1.0204,1.0029,0.0000,Norwich-New London-Willimantic CT
36084,20250101,1.6980,1.6980,0.0000,Oakland-Fremont-Berkeley CA
36100,20250101,0.8811,0.8811,0.0000,Ocala FL
36220,20250101,0.7961,0.7961,0.0000,Odessa TX
36260,20250101,0.8974,0.8974,0.0000,Ogden UT
36420,20250101,0.8765,0.8540,0.0000,Oklahoma City OK
36500,20250101,1.0648,1.0648,0.0000,Olympia-Lacey-Tumwater WA
36540,20250101,0.9576,0.9576,0.0000,Omaha NE-IA
36740,20250101,0.9551,0.9152,0.0000,Orlando-Kissimmee-Sanford FL
36780,20250101,0.9542,0.9542,0.0000,Oshkosh-Neenah WI
36980,20250101,0.8137,0.8137,0.0000,Owensboro KY
37100,20250101,1.3492,1.3492,0.0000,Oxnard-Thousand Oaks-Ventura CA
37140,20250101,0.8331,0.8331,0.0000,Paducah KY-IL
37340,20250101,0.8722,0.8722,0.0000,Palm Bay-Melbourne-Titusville FL
37460,20250101,0.8870,0.8870,0.0000,Panama City-Panama City Beach FL
37620,20250101,0.7483,0.7483,0.0000,Parkersburg-Vienna WV
37860,20250101,0.7751,0.7751,0.0000,Pensacola-Ferry Pass-Brent FL
37900,20250101,0.8158,0.8158,0.0000,Peoria IL
37964,20250101,1.0326,1.0326,0.0000,Philadelphia PA
38060,20250101,1.0163,0.9969,0.0000,Phoenix-Mesa-Chandler AZ
38240,20250101,0.7646,0.7646,0.0000,Pinehurst-Southern Pines NC
38300,20250101,0.8139,0.8037,0.0000,Pittsburgh PA
38340,20250101,1.0200,1.0200,0.0000,Pittsfield MA
38540,20250101,0.8852,0.8662,0.0000,Pocatello ID
38660,20250101,0.3075,0.3075,0.0000,Ponce PR
38860,20250101,0.9610,0.9380,0.0000,Portland-South Portland ME
38900,20250101,1.1327,1.1327,0.0000,Portland-Vancouver-Hillsboro OR-WA
38940,20250101,0.8996,0.8996,0.0000,Port St. Lucie FL
39150,20250101,1.0066,1.0066,0.0000,Prescott Valley-Prescott AZ
39300,20250101,0.9868,0.9868,0.0000,Providence-Warwick RI-MA
39340,20250101,0.9060,0.9060,0.0000,Provo-Orem-Lehi UT
39380,20250101,0.9662,0.9662,0.0000,Pueblo CO
39460,20250101,0.8802,0.8802,0.0000,Punta Gorda FL
39540,20250101,1.0270,1.0270,0.0000,Racine-Mount Pleasant WI
39580,20250101,0.9432,0.9220,0.0000,Raleigh-Cary NC
39660,20250101,0.9041,0.9041,0.0000,Rapid City SD
39740,20250101,0.9280,0.9280,0.0000,Reading PA
39820,20250101,1.3005,1.3005,0.0000,Redding CA
39900,20250101,0.8798,0.8798,0.0000,Reno NV
40060,20250101,0.8503,0.8503,0.0000,Richmond VA
40140,20250101,1.1533,1.1533,0.0000,Riverside-San Bernardino-Ontario CA
40220,20250101,0.8228,0.8228,0.0000,Roanoke VA
40340,20250101,0.9842,0.9842,0.0000,Rochester MN
40380,20250101,0.8685,0.8685,0.0000,Rochester NY
40420,20250101,0.9268,0.9000,0.0000,Rockford IL
40484,20250101,0.9623,0.9623,0.0000,Rockingham County-Strafford County NH
40580,20250101,0.8601,0.8601,0.0000,Rocky Mount NC
40660,20250101,0.8496,0.8496,0.0000,Rome GA
40900,20250101,1.5127,1.5127,0.0000,Sacramento-Roseville-Folsom CA
40980,20250101,0.9098,0.9098,0.0000,Saginaw MI
41060,20250101,0.9880,0.9880,0.0000,St. Cloud MN
41100,20250101,0.9437,0.9437,0.0000,St. George UT
41140,20250101,0.9015,0.9015,0.0000,St. Joseph MO-KS
41180,20250101,0.9120,0.8987,0.0000,St. Louis MO-IL
41304,20250101,0.8749,0.8749,0.0000,St. Petersburg-Clearwater-Largo FL
41420,20250101,1.2032,1.2032,0.0000,Salem OR
41500,20250101,1.6017,1.6017,0.0000,Salinas CA
41540,20250101,0.8441,0.8441,0.0000,Salisbury MD
41620,20250101,0.9238,0.9238,0.0000,Salt Lake City-Murray UT
41660,20250101,0.7269,0.7269,0.0000,San Angelo TX
41700,20250101,0.8262,0.8262,0.0000,San Antonio-New Braunfels TX
41740,20250101,1.1993,1.1993,0.0000,San Diego-Chula Vista-Carlsbad CA
41780,20250101,0.7319,0.7319,0.0000,Sandusky OH
41884,20250101,1.7309,1.7309,0.0000,San Francisco-San Mateo-Redwood City CA
41940,20250101,1.7775,1.7775,0.0000,San Jose-Sunnyvale-Santa Clara CA
41980,20250101,0.3385,0.3385,0.0000,San Juan-Bayam?n-Caguas PR
42020,20250101,1.1698,1.1698,0.0000,San Luis Obispo-Paso Robles CA
42034,20250101,1.6658,1.6658,0.0000,San Rafael CA
42100,20250101,1.5895,1.5895,0.0000,Santa Cruz-Watsonville CA
42140,20250101,1.0921,0.9258,0.0000,Santa Fe NM
42200,20250101,1.2802,1.2622,0.0000,Santa Maria-Santa Barbara CA
42220,20250101,1.6420,1.6420,0.0000,Santa Rosa-Petaluma CA
42340,20250101,0.8009,0.7870,0.0000,Savannah GA
42540,20250101,0.9028,0.9028,0.0000,Scranton--Wilkes-Barre PA
42644,20250101,1.1884,1.1884,0.0000,Seattle-Bellevue-Kent WA
42680,20250101,0.8647,0.8647,0.0000,Sebastian-Vero Beach-West Vero Corridor FL
42700,20250101,0.9110,0.9110,0.0000,Sebring FL
43100,20250101,0.9406,0.9272,0.0000,Sheboygan WI
43300,20250101,0.8173,0.8173,0.0000,Sherman-Denison TX
43340,20250101,0.8382,0.8382,0.0000,Shreveport-Bossier City LA
43420,20250101,0.8447,0.8447,0.0000,Sierra Vista-Douglas AZ
43580,20250101,0.8624,0.8624,0.0000,Sioux City IA-NE-SD
43620,20250101,0.7756,0.7756,0.0000,Sioux Falls SD-MN
43640,20250101,0.8115,0.7683,0.0000,Slidell-Mandeville-Covington LA
43780,20250101,0.9960,0.9960,0.0000,South Bend-Mishawaka IN-MI
43900,20250101,0.8694,0.8694,0.0000,Spartanburg SC
44060,20250101,1.0396,1.0133,0.0000,Spokane-Spokane Valley WA
44100,20250101,0.8736,0.8736,0.0000,Springfield IL
44140,20250101,0.9521,0.9521,0.0000,Springfield MA
44180,20250101,0.7789,0.7789,0.0000,Springfield MO
44220,20250101,0.9218,0.9218,0.0000,Springfield OH
44300,20250101,1.1486,0.9497,0.0000,State College PA
44420,20250101,0.8499,0.8499,0.0000,Staunton-Stuarts Draft VA
44700,20250101,1.4787,1.4787,0.0000,Stockton-Lodi CA
44940,20250101,0.8863,0.8863,0.0000,Sumter SC
45060,20250101,0.9352,0.9352,0.0000,Syracuse NY
45104,20250101,1.2224,1.1819,0.0000,Tacoma-Lakewood WA
45220,20250101,0.7639,0.7529,0.0000,Tallahassee FL
45294,20250101,0.8820,0.8820,0.0000,Tampa FL
45460,20250101,0.8772,0.8608,0.0000,Terre Haute IN
45500,20250101,0.9695,0.9695,0.0000,Texarkana TX-AR
45780,20250101,0.8379,0.8379,0.0000,Toledo OH
45820,20250101,0.8325,0.8325,0.0000,Topeka KS
45900,20250101,0.8404,0.8404,0.0000,Traverse City MI
45940,20250101,0.9827,0.9638,0.0000,Trenton-Princeton NJ
46060,20250101,0.8914,0.8914,0.0000,Tucson AZ
46140,20250101,0.8349,0.8349,0.0000,Tulsa OK
46220,20250101,1.0104,0.8146,0.0000,Tuscaloosa AL
46300,20250101,0.8715,0.8715,0.0000,Twin Falls ID
46340,20250101,0.9145,0.9145,0.0000,Tyler TX
46520,20250101,1.2017,1.2017,0.0000,Urban Honolulu HI
46540,20250101,0.8514,0.8514,0.0000,Utica-Rome NY
46660,20250101,0.7244,0.7244,0.0000,Valdosta GA
46700,20250101,1.8211,1.7364,0.0000,Vallejo CA
47020,20250101,0.8381,0.8381,0.0000,Victoria TX
47220,20250101,1.0814,1.0814,0.0000,Vineland NJ
47260,20250101,0.8961,0.8961,0.0000,Virginia Beach-Chesapeake-Norfolk VA-NC
47300,20250101,1.0115,1.0115,0.0000,Visalia CA
47380,20250101,0.9681,0.9681,0.0000,Waco TX
47460,20250101,0.9749,0.9749,0.0000,Walla Walla WA
47580,20250101,0.7769,0.7769,0.0000,Warner Robins GA
47664,20250101,0.9119,0.9119,0.0000,Warren-Troy-Farmington Hills MI
47764,20250101,1.1103,1.1103,0.0000,Washington DC-MD
47930,20250101,1.0122,1.0122,0.0000,Waterbury-Shelton CT
47940,20250101,0.8212,0.8212,0.0000,Waterloo-Cedar Falls IA
48060,20250101,0.8653,0.8653,0.0000,Watertown-Fort Drum NY
48140,20250101,0.8384,0.8384,0.0000,Wausau WI
48260,20250101,0.7077,0.7077,0.0000,Weirton-Steubenville WV-OH
48300,20250101,0.9885,0.9885,0.0000,Wenatchee-East Wenatchee WA
48424,20250101,0.8727,0.8727,0.0000,West Palm Beach-Boca Raton-Delray Beach FL
48540,20250101,0.6715,0.6715,0.0000,Wheeling WV-OH
48620,20250101,0.8096,0.8096,0.0000,Wichita KS
48660,20250101,0.8450,0.8450,0.0000,Wichita Falls TX
48680,20250101,0.6442,0.6442,0.0000,Wildwood-The Villages FL
48700,20250101,0.8310,0.8310,0.0000,Williamsport PA
48864,20250101,1.0771,1.0216,0.0000,Wilmington DE-MD-NJ
48900,20250101,0.9380,0.8928,0.0000,Wilmington NC
49020,20250101,0.8568,0.8568,0.0000,Winchester VA-WV
49180,20250101,0.9467,0.9252,0.0000,Winston-Salem NC
49340,20250101,1.0385,1.0081,0.0000,Worcester MA
49420,20250101,0.9220,0.9220,0.0000,Yakima WA
49620,20250101,0.9430,0.9430,0.0000,York-Hanover PA
49660,20250101,0.8143,0.7996,0.0000,Youngstown-Warren OH
49700,20250101,1.2648,1.2648,0.0000,Yuba City CA
49740,20250101,0.9944,0.9944,0.0000,Yuma AZ
