code,category
K9400,15
K9401,15
K9402,15
K9403,15
K9409,15
K9410,15
K9411,15
K9412,15
K9413,15
K9419,15
N990,15
N99520,15
N99521,15
N99522,15
N99523,15
N99524,15
N99528,15
N99530,15
N99531,15
N99532,15
N99533,15
N99534,15
N99538,15
N9981,15
N9989,15
Z931,15
Z932,15
Z933,15
Z934,15
Z9350,15
Z9351,15
Z9352,15
Z9359,15
Z936,15
I010,12
I011,12
I012,12
I110,12
I270,12
I330,12
I339,12
I39,12
G4733,14
J441,14
J4481,14
J4489,14
J470,14
J471,14
J860,14
J95850,14
J9610,14
J9611,14
J9612,14
J9620,14
J9621,14
J9622,14
U071,14
Z9911,14
Z9912,14
Z9981,14
Z9989,14
F70,1
F71,1
F72,1
F73,1
F78A1,1
F78A9,1
F79,1
F5000,9
F50010,9
F50011,9
F50012,9
F50013,9
F50014,9
F50019,9
F50020,9
F50021,9
F50022,9
F50023,9
F50024,9
F50029,9
F5020,9
F5021,9
F5022,9
F5023,9
F5024,9
F5025,9
F50810,9
F50811,9
F50812,9
F50813,9
F50814,9
F50819,9
F5083,9
F5084,9
F509,9
E0852,13
E0952,13
E1052,13
E1152,13
E1352,13
I70261,13
I70262,13
I70263,13
I70268,13
I70361,13
I70362,13
I70363,13
I70368,13
I70461,13
I70462,13
I70463,13
I70468,13
I70561,13
I70562,13
I70563,13
I70568,13
I70661,13
I70662,13
I70663,13
I70668,13
I70761,13
I70762,13
I70763,13
I70768,13
I7301,13
I96,13
K3531,13
K35891,13
K82A1,13
R451,18
R454,18
R4584,18
C000,6
C001,6
C003,6
C004,6
C006,6
C008,6
C01,6
C020,6
C021,6
C022,6
C023,6
C024,6
C028,6
C030,6
C031,6
C040,6
C041,6
C048,6
C050,6
C051,6
C052,6
C058,6
C060,6
C061,6
C062,6
C0680,6
C0689,6
C07,6
C080,6
C081,6
C089,6
C090,6
C091,6
C098,6
C099,6
C100,6
C101,6
C102,6
C103,6
C104,6
C108,6
C109,6
C110,6
C111,6
C112,6
C113,6
C118,6
C119,6
C12,6
C130,6
C131,6
C132,6
C138,6
C139,6
C140,6
C142,6
C148,6
C153,6
C154,6
C155,6
C158,6
C159,6
C160,6
C161,6
C162,6
C163,6
C164,6
C165,6
C166,6
C168,6
C169,6
C170,6
C171,6
C172,6
C173,6
C178,6
C179,6
C180,6
C181,6
C182,6
C183,6
C184,6
C185,6
C186,6
C187,6
C188,6
C189,6
C19,6
C20,6
C210,6
C211,6
C212,6
C218,6
C220,6
C221,6
C222,6
C223,6
C224,6
C227,6
C228,6
C229,6
C23,6
C240,6
C241,6
C248,6
C249,6
C250,6
C251,6
C252,6
C253,6
C254,6
C257,6
C258,6
C259,6
C260,6
C261,6
C269,6
C300,6
C301,6
C310,6
C311,6
C312,6
C313,6
C318,6
C319,6
C320,6
C321,6
C322,6
C323,6
C328,6
C329,6
C33,6
C3400,6
C3401,6
C3402,6
C3410,6
C3411,6
C3412,6
C342,6
C3430,6
C3431,6
C3432,6
C3480,6
C3481,6
C3482,6
C3491,6
C3492,6
C37,6
C380,6
C381,6
C382,6
C383,6
C384,6
C388,6
C390,6
C399,6
C4001,6
C4002,6
C4011,6
C4012,6
C4021,6
C4022,6
C4031,6
C4032,6
C4081,6
C4082,6
C4091,6
C4092,6
C410,6
C411,6
C412,6
C413,6
C414,6
C419,6
C430,6
C43111,6
C43112,6
C43121,6
C43122,6
C4321,6
C4322,6
C4330,6
C4331,6
C4339,6
C434,6
C4351,6
C4352,6
C4359,6
C4361,6
C4362,6
C4371,6
C4372,6
C438,6
C4400,6
C4401,6
C4402,6
C4409,6
C441021,6
C441022,6
C441091,6
C441092,6
C441121,6
C441122,6
C441191,6
C441192,6
C441221,6
C441222,6
C441291,6
C441292,6
C441321,6
C441322,6
C441391,6
C441392,6
C441921,6
C441922,6
C441991,6
C441992,6
C44202,6
C44209,6
C44212,6
C44219,6
C44222,6
C44229,6
C44292,6
C44299,6
C44300,6
C44301,6
C44309,6
C44310,6
C44311,6
C44319,6
C44320,6
C44321,6
C44329,6
C44390,6
C44391,6
C44399,6
C4440,6
C4441,6
C4442,6
C4449,6
C44500,6
C44501,6
C44509,6
C44510,6
C44511,6
C44519,6
C44520,6
C44521,6
C44529,6
C44590,6
C44591,6
C44599,6
C44602,6
C44609,6
C44612,6
C44619,6
C44622,6
C44629,6
C44692,6
C44699,6
C44702,6
C44709,6
C44712,6
C44719,6
C44722,6
C44729,6
C44792,6
C44799,6
C4480,6
C4481,6
C4482,6
C4489,6
C450,6
C451,6
C452,6
C457,6
C459,6
C460,6
C461,6
C462,6
C463,6
C464,6
C4650,6
C4651,6
C4652,6
C467,6
C469,6
C470,6
C4711,6
C4712,6
C4721,6
C4722,6
C473,6
C474,6
C475,6
C476,6
C478,6
C480,6
C481,6
C482,6
C488,6
C490,6
C4911,6
C4912,6
C4921,6
C4922,6
C493,6
C494,6
C495,6
C496,6
C498,6
C49A0,6
C49A1,6
C49A2,6
C49A3,6
C49A4,6
C49A5,6
C49A9,6
C4A0,6
C4A111,6
C4A112,6
C4A121,6
C4A122,6
C4A21,6
C4A22,6
C4A30,6
C4A31,6
C4A39,6
C4A4,6
C4A51,6
C4A52,6
C4A59,6
C4A61,6
C4A62,6
C4A71,6
C4A72,6
C4A8,6
C50011,6
C50012,6
C50021,6
C50022,6
C50111,6
C50112,6
C50121,6
C50122,6
C50211,6
C50212,6
C50221,6
C50222,6
C50311,6
C50312,6
C50321,6
C50322,6
C50411,6
C50412,6
C50421,6
C50422,6
C50511,6
C50512,6
C50521,6
C50522,6
C50611,6
C50612,6
C50621,6
C50622,6
C50811,6
C50812,6
C50821,6
C50822,6
C50911,6
C50912,6
C50921,6
C50922,6
C510,6
C511,6
C512,6
C518,6
C519,6
C52,6
C530,6
C531,6
C538,6
C539,6
C540,6
C541,6
C542,6
C543,6
C548,6
C549,6
C55,6
C561,6
C562,6
C563,6
C569,6
C5700,6
C5701,6
C5702,6
C5710,6
C5711,6
C5712,6
C5720,6
C5721,6
C5722,6
C573,6
C574,6
C577,6
C578,6
C58,6
C600,6
C601,6
C602,6
C608,6
C609,6
C61,6
C6200,6
C6201,6
C6202,6
C6210,6
C6211,6
C6212,6
C6291,6
C6292,6
C6300,6
C6301,6
C6302,6
C6310,6
C6311,6
C6312,6
C632,6
C637,6
C638,6
C641,6
C642,6
C651,6
C652,6
C659,6
C661,6
C662,6
C669,6
C670,6
C671,6
C672,6
C673,6
C674,6
C675,6
C676,6
C677,6
C678,6
C679,6
C680,6
C681,6
C688,6
C689,6
C6901,6
C6902,6
C6911,6
C6912,6
C6920,6
C6921,6
C6922,6
C6930,6
C6931,6
C6932,6
C6940,6
C6941,6
C6942,6
C6951,6
C6952,6
C6961,6
C6962,6
C6981,6
C6982,6
C6991,6
C6992,6
C700,6
C701,6
C709,6
C710,6
C711,6
C712,6
C713,6
C714,6
C715,6
C716,6
C717,6
C718,6
C719,6
C720,6
C721,6
C7220,6
C7221,6
C7222,6
C7230,6
C7231,6
C7232,6
C7240,6
C7241,6
C7242,6
C7250,6
C7259,6
C73,6
C7400,6
C7401,6
C7402,6
C7410,6
C7411,6
C7412,6
C7491,6
C7492,6
C750,6
C751,6
C752,6
C753,6
C754,6
C755,6
C758,6
C759,6
C760,6
C761,6
C762,6
C763,6
C7641,6
C7642,6
C7651,6
C7652,6
C768,6
C770,6
C771,6
C772,6
C773,6
C774,6
C775,6
C778,6
C7800,6
C7801,6
C7802,6
C781,6
C782,6
C7830,6
C7839,6
C784,6
C785,6
C786,6
C787,6
C7880,6
C7889,6
C7900,6
C7901,6
C7902,6
C7910,6
C7911,6
C7919,6
C792,6
C7931,6
C7932,6
C7940,6
C7949,6
C7951,6
C7952,6
C7960,6
C7961,6
C7962,6
C7963,6
C7970,6
C7971,6
C7972,6
C7981,6
C7982,6
C7989,6
C7A00,6
C7A010,6
C7A011,6
C7A012,6
C7A019,6
C7A020,6
C7A021,6
C7A022,6
C7A023,6
C7A024,6
C7A025,6
C7A026,6
C7A029,6
C7A090,6
C7A091,6
C7A092,6
C7A093,6
C7A094,6
C7A095,6
C7A096,6
C7A098,6
C7A1,6
C7A8,6
C7B00,6
C7B01,6
C7B02,6
C7B03,6
C7B04,6
C7B09,6
C7B1,6
C7B8,6
C800,6
C801,6
C802,6
C8100,6
C8101,6
C8102,6
C8103,6
C8104,6
C8105,6
C8106,6
C8107,6
C8108,6
C8109,6
C810A,6
C8110,6
C8111,6
C8112,6
C8113,6
C8114,6
C8115,6
C8116,6
C8117,6
C8118,6
C8119,6
C811A,6
C8120,6
C8121,6
C8122,6
C8123,6
C8124,6
C8125,6
C8126,6
C8127,6
C8128,6
C8129,6
C812A,6
C8130,6
C8131,6
C8132,6
C8133,6
C8134,6
C8135,6
C8136,6
C8137,6
C8138,6
C8139,6
C813A,6
C8140,6
C8141,6
C8142,6
C8143,6
C8144,6
C8145,6
C8146,6
C8147,6
C8148,6
C8149,6
C814A,6
C8170,6
C8171,6
C8172,6
C8173,6
C8174,6
C8175,6
C8176,6
C8177,6
C8178,6
C8179,6
C817A,6
C8190,6
C8191,6
C8192,6
C8193,6
C8194,6
C8195,6
C8196,6
C8197,6
C8198,6
C8199,6
C819A,6
C8200,6
C8201,6
C8202,6
C8203,6
C8204,6
C8205,6
C8206,6
C8207,6
C8208,6
C8209,6
C820A,6
C8210,6
C8211,6
C8212,6
C8213,6
C8214,6
C8215,6
C8216,6
C8217,6
C8218,6
C8219,6
C821A,6
C8220,6
C8221,6
C8222,6
C8223,6
C8224,6
C8225,6
C8226,6
C8227,6
C8228,6
C8229,6
C822A,6
C8230,6
C8231,6
C8232,6
C8233,6
C8234,6
C8235,6
C8236,6
C8237,6
C8238,6
C8239,6
C823A,6
C8240,6
C8241,6
C8242,6
C8243,6
C8244,6
C8245,6
C8246,6
C8247,6
C8248,6
C8249,6
C824A,6
C8250,6
C8251,6
C8252,6
C8253,6
C8254,6
C8255,6
C8256,6
C8257,6
C8258,6
C8259,6
C825A,6
C8260,6
C8261,6
C8262,6
C8263,6
C8264,6
C8265,6
C8266,6
C8267,6
C8268,6
C8269,6
C826A,6
C8280,6
C8281,6
C8282,6
C8283,6
C8284,6
C8285,6
C8286,6
C8287,6
C8288,6
C8289,6
C828A,6
C8290,6
C8291,6
C8292,6
C8293,6
C8294,6
C8295,6
C8296,6
C8297,6
C8298,6
C8299,6
C829A,6
C8300,6
C8301,6
C8302,6
C8303,6
C8304,6
C8305,6
C8306,6
C8307,6
C8308,6
C8309,6
C830A,6
C8310,6
C8311,6
C8312,6
C8313,6
C8314,6
C8315,6
C8316,6
C8317,6
C8318,6
C8319,6
C831A,6
C8330,6
C8331,6
C8332,6
C8333,6
C8334,6
C8335,6
C8336,6
C8337,6
C8338,6
C83390,6
C83398,6
C833A,6
C8350,6
C8351,6
C8352,6
C8353,6
C8354,6
C8355,6
C8356,6
C8357,6
C8358,6
C8359,6
C835A,6
C8370,6
C8371,6
C8372,6
C8373,6
C8374,6
C8375,6
C8376,6
C8377,6
C8378,6
C8379,6
C837A,6
C8380,6
C8381,6
C8382,6
C8383,6
C8384,6
C8385,6
C8386,6
C8387,6
C8388,6
C8389,6
C838A,6
C8390,6
C8391,6
C8392,6
C8393,6
C8394,6
C8395,6
C8396,6
C8397,6
C8398,6
C8399,6
C839A,6
C8400,6
C8401,6
C8402,6
C8403,6
C8404,6
C8405,6
C8406,6
C8407,6
C8408,6
C8409,6
C840A,6
C8410,6
C8411,6
C8412,6
C8413,6
C8414,6
C8415,6
C8416,6
C8417,6
C8418,6
C8419,6
C841A,6
C8440,6
C8441,6
C8442,6
C8443,6
C8444,6
C8445,6
C8446,6
C8447,6
C8448,6
C8449,6
C844A,6
C8460,6
C8461,6
C8462,6
C8463,6
C8464,6
C8465,6
C8466,6
C8467,6
C8468,6
C8469,6
C846A,6
C8470,6
C8471,6
C8472,6
C8473,6
C8474,6
C8475,6
C8476,6
C8477,6
C8478,6
C8479,6
C847A,6
C847B,6
C8490,6
C8491,6
C8492,6
C8493,6
C8494,6
C8495,6
C8496,6
C8497,6
C8498,6
C8499,6
C849A,6
C84A0,6
C84A1,6
C84A2,6
C84A3,6
C84A4,6
C84A5,6
C84A6,6
C84A7,6
C84A8,6
C84A9,6
C84AA,6
C84Z0,6
C84Z1,6
C84Z2,6
C84Z3,6
C84Z4,6
C84Z5,6
C84Z6,6
C84Z7,6
C84Z8,6
C84Z9,6
C84ZA,6
C8510,6
C8511,6
C8512,6
C8513,6
C8514,6
C8515,6
C8516,6
C8517,6
C8518,6
C8519,6
C851A,6
C8520,6
C8521,6
C8522,6
C8523,6
C8524,6
C8525,6
C8526,6
C8527,6
C8528,6
C8529,6
C852A,6
C8580,6
C8581,6
C8582,6
C8583,6
C8584,6
C8585,6
C8586,6
C8587,6
C8588,6
C8589,6
C858A,6
C8590,6
C8591,6
C8592,6
C8593,6
C8594,6
C8595,6
C8596,6
C8597,6
C8598,6
C8599,6
C859A,6
C8600,6
C8601,6
C8610,6
C8611,6
C8620,6
C8621,6
C8630,6
C8631,6
C8640,6
C8641,6
C8650,6
C8651,6
C8660,6
C8661,6
C8800,6
C8801,6
C8820,6
C8821,6
C8830,6
C8831,6
C8840,6
C8841,6
C8880,6
C8881,6
C8890,6
C8891,6
C9000,6
C9001,6
C9002,6
C9010,6
C9011,6
C9012,6
C9020,6
C9021,6
C9022,6
C9030,6
C9031,6
C9032,6
C9100,6
C9101,6
C9102,6
C9110,6
C9111,6
C9112,6
C9130,6
C9131,6
C9132,6
C9140,6
C9141,6
C9142,6
C9150,6
C9151,6
C9152,6
C9160,6
C9161,6
C9162,6
C9190,6
C9191,6
C9192,6
C91A0,6
C91A1,6
C91A2,6
C91Z0,6
C91Z1,6
C91Z2,6
C9200,6
C9201,6
C9202,6
C9210,6
C9211,6
C9212,6
C9220,6
C9221,6
C9222,6
C9230,6
C9231,6
C9232,6
C9240,6
C9241,6
C9242,6
C9250,6
C9251,6
C9252,6
C9260,6
C9261,6
C9262,6
C9290,6
C9291,6
C9292,6
C92A0,6
C92A1,6
C92A2,6
C92Z0,6
C92Z1,6
C92Z2,6
C9300,6
C9301,6
C9302,6
C9310,6
C9311,6
C9312,6
C9330,6
C9331,6
C9332,6
C9390,6
C9391,6
C9392,6
C93Z0,6
C93Z1,6
C93Z2,6
C9400,6
C9401,6
C9402,6
C9420,6
C9421,6
C9422,6
C9430,6
C9431,6
C9432,6
C9440,6
C9441,6
C9442,6
C946,6
C9480,6
C9481,6
C9482,6
C9500,6
C9501,6
C9502,6
C9510,6
C9511,6
C9512,6
C9590,6
C9591,6
C9592,6
C960,6
C9620,6
C9621,6
C9622,6
C9629,6
C964,6
C969,6
C96A,6
C96Z,6
D0000,6
D0001,6
D0002,6
D0003,6
D0004,6
D0005,6
D0006,6
D0007,6
D0008,6
D001,6
D002,6
D010,6
D011,6
D012,6
D013,6
D0140,6
D0149,6
D015,6
D017,6
D019,6
D020,6
D021,6
D0220,6
D0221,6
D0222,6
D023,6
D024,6
D030,6
D03111,6
D03112,6
D03121,6
D03122,6
D0321,6
D0322,6
D0330,6
D0339,6
D034,6
D0351,6
D0352,6
D0359,6
D0361,6
D0362,6
D0371,6
D0372,6
D038,6
D039,6
D040,6
D04111,6
D04112,6
D04121,6
D04122,6
D0421,6
D0422,6
D0430,6
D0439,6
D044,6
D045,6
D0461,6
D0462,6
D0471,6
D0472,6
D048,6
D049,6
D0501,6
D0502,6
D0511,6
D0512,6
D0581,6
D0582,6
D0591,6
D0592,6
D060,6
D061,6
D067,6
D069,6
D070,6
D071,6
D072,6
D0730,6
D0739,6
D074,6
D075,6
D0760,6
D0761,6
D0769,6
D090,6
D0910,6
D0919,6
D0921,6
D0922,6
D093,6
D098,6
D099,6
D100,6
D101,6
D102,6
D1030,6
D1039,6
D104,6
D105,6
D106,6
D107,6
D109,6
D110,6
D117,6
D119,6
D120,6
D121,6
D122,6
D123,6
D124,6
D125,6
D126,6
D127,6
D128,6
D129,6
D130,6
D131,6
D132,6
D1330,6
D1339,6
D134,6
D135,6
D136,6
D137,6
D1399,6
D140,6
D141,6
D142,6
D1430,6
D1431,6
D1432,6
D144,6
D150,6
D151,6
D152,6
D157,6
D159,6
D1601,6
D1602,6
D1611,6
D1612,6
D1621,6
D1622,6
D1631,6
D1632,6
D164,6
D165,6
D166,6
D167,6
D168,6
D169,6
D170,6
D171,6
D1721,6
D1722,6
D1723,6
D1724,6
D1730,6
D1739,6
D174,6
D175,6
D176,6
D1771,6
D1772,6
D1779,6
D179,6
D1800,6
D1801,6
D1802,6
D1803,6
D1809,6
D181,6
D190,6
D191,6
D197,6
D199,6
D200,6
D201,6
D210,6
D2111,6
D2112,6
D2121,6
D2122,6
D213,6
D214,6
D215,6
D216,6
D219,6
D220,6
D22111,6
D22112,6
D22121,6
D22122,6
D2221,6
D2222,6
D2230,6
D2239,6
D224,6
D225,6
D2261,6
D2262,6
D2271,6
D2272,6
D229,6
D230,6
D23111,6
D23112,6
D23121,6
D23122,6
D2321,6
D2322,6
D2330,6
D2339,6
D234,6
D235,6
D2361,6
D2362,6
D2371,6
D2372,6
D239,6
D241,6
D242,6
D250,6
D251,6
D252,6
D259,6
D260,6
D261,6
D267,6
D269,6
D270,6
D271,6
D279,6
D280,6
D281,6
D282,6
D287,6
D289,6
D290,6
D291,6
D2920,6
D2921,6
D2922,6
D2930,6
D2931,6
D2932,6
D294,6
D298,6
D299,6
D3000,6
D3001,6
D3002,6
D3010,6
D3011,6
D3012,6
D3020,6
D3021,6
D3022,6
D303,6
D304,6
D308,6
D309,6
D3101,6
D3102,6
D3110,6
D3111,6
D3112,6
D3120,6
D3121,6
D3122,6
D3130,6
D3131,6
D3132,6
D3140,6
D3141,6
D3142,6
D3151,6
D3152,6
D3161,6
D3162,6
D3191,6
D3192,6
D320,6
D321,6
D329,6
D330,6
D331,6
D332,6
D333,6
D334,6
D337,6
D339,6
D34,6
D3500,6
D3501,6
D3502,6
D351,6
D352,6
D353,6
D354,6
D355,6
D356,6
D357,6
D359,6
D360,6
D3610,6
D3611,6
D3612,6
D3613,6
D3614,6
D3615,6
D3616,6
D3617,6
D367,6
D369,6
D3701,6
D3702,6
D37030,6
D37031,6
D37032,6
D37039,6
D3704,6
D3705,6
D3709,6
D371,6
D372,6
D373,6
D374,6
D375,6
D376,6
D378,6
D379,6
D380,6
D381,6
D382,6
D383,6
D384,6
D385,6
D386,6
D390,6
D3910,6
D3911,6
D3912,6
D392,6
D398,6
D399,6
D3A00,6
D3A010,6
D3A011,6
D3A012,6
D3A019,6
D3A020,6
D3A021,6
D3A022,6
D3A023,6
D3A024,6
D3A025,6
D3A026,6
D3A029,6
D3A090,6
D3A091,6
D3A092,6
D3A093,6
D3A094,6
D3A095,6
D3A096,6
D3A098,6
D3A8,6
D400,6
D4010,6
D4011,6
D4012,6
D408,6
D409,6
D4100,6
D4101,6
D4102,6
D4110,6
D4111,6
D4112,6
D4120,6
D4121,6
D4122,6
D413,6
D414,6
D418,6
D419,6
D420,6
D421,6
D429,6
D430,6
D431,6
D432,6
D433,6
D434,6
D438,6
D439,6
D440,6
D4410,6
D4411,6
D4412,6
D442,6
D443,6
D444,6
D445,6
D446,6
D447,6
D449,6
D45,6
D460,6
D461,6
D4620,6
D4621,6
D4622,6
D464,6
D469,6
D46A,6
D46B,6
D46C,6
D46Z,6
D4701,6
D4702,6
D4709,6
D471,6
D473,6
D479,6
D47Z1,6
D47Z9,6
D480,6
D48110,6
D48111,6
D48112,6
D48113,6
D48114,6
D48115,6
D48116,6
D48117,6
D48118,6
D48119,6
D4819,6
D482,6
D483,6
D484,6
D485,6
D4861,6
D4862,6
D487,6
D489,6
D490,6
D491,6
D492,6
D493,6
D494,6
D49511,6
D49512,6
D4959,6
D496,6
D497,6
D4981,6
D4989,6
D499,6
K317,6
K635,6
Q8500,6
Q8501,6
Q8502,6
Q8503,6
Q8509,6
T391X1A,17
T391X2A,17
T391X3A,17
T391X4A,17
T400X1A,17
T400X2A,17
T400X3A,17
T400X4A,17
T401X1A,17
T401X2A,17
T401X3A,17
T401X4A,17
T402X1A,17
T402X2A,17
T402X3A,17
T402X4A,17
T403X1A,17
T403X2A,17
T403X3A,17
T403X4A,17
T40411A,17
T40412A,17
T40413A,17
T40414A,17
T40421A,17
T40422A,17
T40423A,17
T40424A,17
T40491A,17
T40492A,17
T40493A,17
T40494A,17
T40601A,17
T40602A,17
T40603A,17
T40604A,17
T40691A,17
T40692A,17
T40693A,17
T40694A,17
T40711A,17
T40712A,17
T40713A,17
T40714A,17
T40721A,17
T40722A,17
T40723A,17
T40724A,17
T408X1A,17
T408X2A,17
T408X3A,17
T408X4A,17
T40901A,17
T40902A,17
T40903A,17
T40904A,17
T40991A,17
T40992A,17
T40993A,17
T40994A,17
T410X1A,17
T410X2A,17
T410X3A,17
T410X4A,17
T411X1A,17
T411X2A,17
T411X3A,17
T411X4A,17
T41201A,17
T41202A,17
T41203A,17
T41204A,17
T41291A,17
T41292A,17
T41293A,17
T41294A,17
T413X1A,17
T413X2A,17
T413X3A,17
T413X4A,17
T4141XA,17
T4142XA,17
T4143XA,17
T4144XA,17
T423X1A,17
T423X2A,17
T423X3A,17
T423X4A,17
T424X1A,17
T424X2A,17
T424X3A,17
T424X4A,17
T426X1A,17
T426X2A,17
T426X3A,17
T426X4A,17
T4271XA,17
T4272XA,17
T4273XA,17
T4274XA,17
T428X1A,17
T428X2A,17
T428X3A,17
T428X4A,17
T43011A,17
T43012A,17
T43013A,17
T43014A,17
T43021A,17
T43022A,17
T43023A,17
T43024A,17
T431X1A,17
T431X2A,17
T431X3A,17
T431X4A,17
T43201A,17
T43202A,17
T43203A,17
T43204A,17
T43211A,17
T43212A,17
T43213A,17
T43214A,17
T43221A,17
T43222A,17
T43223A,17
T43224A,17
T43291A,17
T43292A,17
T43293A,17
T43294A,17
T433X1A,17
T433X2A,17
T433X3A,17
T433X4A,17
T434X1A,17
T434X2A,17
T434X3A,17
T434X4A,17
T43501A,17
T43502A,17
T43503A,17
T43504A,17
T43591A,17
T43592A,17
T43593A,17
T43594A,17
T43601A,17
T43602A,17
T43603A,17
T43604A,17
T43611A,17
T43612A,17
T43613A,17
T43614A,17
T43621A,17
T43622A,17
T43623A,17
T43624A,17
T43631A,17
T43632A,17
T43633A,17
T43634A,17
T43641A,17
T43642A,17
T43643A,17
T43644A,17
T43651A,17
T43652A,17
T43653A,17
T43654A,17
T43691A,17
T43692A,17
T43693A,17
T43694A,17
T438X1A,17
T438X2A,17
T438X3A,17
T438X4A,17
T4391XA,17
T4392XA,17
T4393XA,17
T4394XA,17
T45AX1A,17
T45AX2A,17
T45AX3A,17
T45AX4A,17
T45AX5A,17
T505X1A,17
T505X2A,17
T505X3A,17
T505X4A,17
T50911A,17
T50912A,17
T50913A,17
T50914A,17
T510X1A,17
T510X2A,17
T510X3A,17
T510X4A,17
T511X1A,17
T511X2A,17
T511X3A,17
T511X4A,17
T512X1A,17
T512X2A,17
T512X3A,17
T512X4A,17
T513X1A,17
T513X2A,17
T513X3A,17
T513X4A,17
T518X1A,17
T518X2A,17
T518X3A,17
T518X4A,17
T5191XA,17
T5192XA,17
T5193XA,17
T5194XA,17
T5391XA,17
T5392XA,17
T5393XA,17
T5394XA,17
T540X1A,17
T540X2A,17
T540X3A,17
T540X4A,17
T541X1A,17
T541X2A,17
T541X3A,17
T541X4A,17
T542X1A,17
T542X2A,17
T542X3A,17
T542X4A,17
T543X1A,17
T543X2A,17
T543X3A,17
T543X4A,17
T5491XA,17
T5492XA,17
T5493XA,17
T5494XA,17
T550X1A,17
T550X2A,17
T550X3A,17
T550X4A,17
T551X1A,17
T551X2A,17
T551X3A,17
T551X4A,17
T560X1A,17
T560X2A,17
T560X3A,17
T560X4A,17
T56821A,17
T56822A,17
T56823A,17
T56824A,17
T571X1A,17
T571X2A,17
T571X3A,17
T571X4A,17
T5801XA,17
T5802XA,17
T5803XA,17
T5804XA,17
T5811XA,17
T5812XA,17
T5813XA,17
T5814XA,17
T582X1A,17
T582X2A,17
T582X3A,17
T582X4A,17
T588X1A,17
T588X2A,17
T588X3A,17
T588X4A,17
T5891XA,17
T5892XA,17
T5893XA,17
T5894XA,17
T600X1A,17
T600X2A,17
T600X3A,17
T600X4A,17
T601X1A,17
T601X2A,17
T601X3A,17
T601X4A,17
T602X1A,17
T602X2A,17
T602X3A,17
T602X4A,17
T604X1A,17
T604X2A,17
T604X3A,17
T604X4A,17
T608X1A,17
T608X2A,17
T608X3A,17
T608X4A,17
T6091XA,17
T6092XA,17
T6093XA,17
T6094XA,17
T63001A,17
T63002A,17
T63003A,17
T63004A,17
T63011A,17
T63012A,17
T63013A,17
T63014A,17
T63021A,17
T63022A,17
T63023A,17
T63024A,17
T63031A,17
T63032A,17
T63033A,17
T63034A,17
T63041A,17
T63042A,17
T63043A,17
T63044A,17
T63061A,17
T63062A,17
T63063A,17
T63064A,17
T63071A,17
T63072A,17
T63073A,17
T63074A,17
T63081A,17
T63082A,17
T63083A,17
T63084A,17
T63091A,17
T63092A,17
T63093A,17
T63094A,17
T63111A,17
T63112A,17
T63113A,17
T63114A,17
T63121A,17
T63122A,17
T63123A,17
T63124A,17
T63191A,17
T63192A,17
T63193A,17
T63194A,17
T632X1A,17
T632X2A,17
T632X3A,17
T632X4A,17
T63301A,17
T63302A,17
T63303A,17
T63304A,17
T63311A,17
T63312A,17
T63313A,17
T63314A,17
T63321A,17
T63322A,17
T63323A,17
T63324A,17
T63331A,17
T63332A,17
T63333A,17
T63334A,17
T63391A,17
T63392A,17
T63393A,17
T63394A,17
T63411A,17
T63412A,17
T63413A,17
T63414A,17
T63421A,17
T63422A,17
T63423A,17
T63424A,17
T63431A,17
T63432A,17
T63433A,17
T63434A,17
T63441A,17
T63442A,17
T63443A,17
T63444A,17
T63451A,17
T63452A,17
T63453A,17
T63454A,17
T63461A,17
T63462A,17
T63463A,17
T63464A,17
T63481A,17
T63482A,17
T63483A,17
T63484A,17
T63511A,17
T63512A,17
T63513A,17
T63514A,17
T63591A,17
T63592A,17
T63593A,17
T63594A,17
T63611A,17
T63612A,17
T63613A,17
T63614A,17
T63621A,17
T63622A,17
T63623A,17
T63624A,17
T63631A,17
T63632A,17
T63633A,17
T63634A,17
T63691A,17
T63692A,17
T63693A,17
T63694A,17
T63711A,17
T63712A,17
T63713A,17
T63714A,17
T63791A,17
T63792A,17
T63793A,17
T63794A,17
T63811A,17
T63812A,17
T63813A,17
T63814A,17
T63821A,17
T63822A,17
T63823A,17
T63824A,17
T63831A,17
T63832A,17
T63833A,17
T63834A,17
T63891A,17
T63892A,17
T63893A,17
T63894A,17
T6391XA,17
T6392XA,17
T6393XA,17
T6394XA,17
T6401XA,17
T6402XA,17
T6403XA,17
T6404XA,17
T6481XA,17
T6482XA,17
T6483XA,17
T6484XA,17
T650X1A,17
T650X2A,17
T650X3A,17
T650X4A,17
T651X1A,17
T651X2A,17
T651X3A,17
T651X4A,17
N170,4
N171,4
N172,4
N178,4
N179,4
O0482,4
O0732,4
O084,4
O9049,4
T795XXA,4
I120,5
I1311,5
I132,5
N1830,5
N1831,5
N1832,5
N184,5
N185,5
N186,5
N189,5
N19,5
Z4901,5
Z4902,5
Z4931,5
Z91151,5
Z91158,5
Z992,5
L4050,16
L4051,16
L4052,16
L4053,16
L4054,16
L4059,16
M320,16
M3210,16
M3211,16
M3212,16
M3213,16
M3214,16
M3215,16
M3219,16
M328,16
M329,16
M4620,16
M4621,16
M4622,16
M4623,16
M4624,16
M4625,16
M4626,16
M4627,16
M4628,16
M86011,16
M86012,16
M86021,16
M86022,16
M86031,16
M86032,16
M86041,16
M86042,16
M86051,16
M86052,16
M86061,16
M86062,16
M86071,16
M86072,16
M8608,16
M8609,16
M86111,16
M86112,16
M86121,16
M86122,16
M86131,16
M86132,16
M86141,16
M86142,16
M86151,16
M86152,16
M86161,16
M86162,16
M86171,16
M86172,16
M8618,16
M8619,16
M86211,16
M86212,16
M86221,16
M86222,16
M86231,16
M86232,16
M86241,16
M86242,16
M86251,16
M86252,16
M86261,16
M86262,16
M86271,16
M86272,16
M8628,16
M8629,16
M86311,16
M86312,16
M86321,16
M86322,16
M86331,16
M86332,16
M86341,16
M86342,16
M86351,16
M86352,16
M86361,16
M86362,16
M86371,16
M86372,16
M8638,16
M8639,16
M86411,16
M86412,16
M86421,16
M86422,16
M86431,16
M86432,16
M86441,16
M86442,16
M86451,16
M86452,16
M86461,16
M86462,16
M86471,16
M86472,16
M8648,16
M8649,16
M86511,16
M86512,16
M86521,16
M86522,16
M86531,16
M86532,16
M86541,16
M86542,16
M86551,16
M86552,16
M86561,16
M86562,16
M86571,16
M86572,16
M8658,16
M8659,16
M86611,16
M86612,16
M86621,16
M86622,16
M86631,16
M86632,16
M86641,16
M86642,16
M86651,16
M86652,16
M86661,16
M86662,16
M86671,16
M86672,16
M8668,16
M8669,16
M868X0,16
M868X1,16
M868X2,16
M868X3,16
M868X4,16
M868X5,16
M868X6,16
M868X7,16
M868X8,16
M869,16
E40,8
E41,8
E42,8
E43,8
J9500,3
J9501,3
J9502,3
J9503,3
J9504,3
J9509,3
Z930,3
E1065,7
E1165,7
